# Hydrogen-energy exclusion candidates — scan 2026-09-28 (shared/study-topic-filter.ts; GSC = last 90 days).
# Review every row. To apply, once Josh approves this exact list add a line starting with the approved-by marker for josh (see script header), then run --apply.
id,slug,title,journal,year,reason,confidence,gsc_impressions_90d,gsc_clicks_90d
3592,rational-comparison-of-biohydrogen-production-using-clostridium-species-through-dark-fermentation-during-anaerobic-batch-processes-1775650467180,Rational comparison of biohydrogen production using Clostridium species through dark fermentation during anaerobic batch processes,Journal of Biotechnology,2025,"hydrogen energy (not human health): biohydrogen, dark fermentation, hydrogen yield, biofuel",high,0,0
3720,microbial-production-of-hydrogen-an-overview-1777577956372,Microbial Production of Hydrogen: An Overview,Critical Reviews in Microbiology,1998,"hydrogen energy (not human health): biohydrogen, hydrogen yield, renewable/clean energy, fossil fuel",high,3,0
4120,functional-microorganisms-in-hydrogen-production-mechanisms-and-applications-1777577956391,Functional microorganisms in hydrogen production: Mechanisms and applications,Bioresource Technology,2024,"hydrogen energy (not human health): biohydrogen, dark fermentation, biophotolysis, renewable/clean energy",high,166,0
4297,existing-and-emerging-technologies-in-biohydrogen-production-mechanisms-and-influential-factors-for-sustainable-energy-transition-1788216910212,Existing and emerging technologies in biohydrogen production: mechanisms and influential factors for sustainable energy transition,Environmental Science and Pollution Research International,2026,"hydrogen energy (not human health): biohydrogen, dark fermentation, photo-fermentation, biophotolysis",high,3,1
4298,hydrogen-producing-facultative-anaerobic-bacteria-isolated-from-kitchen-wastewater-for-sustainable-bioenergy-applications-1788216910213,Hydrogen-producing facultative anaerobic bacteria isolated from kitchen wastewater for sustainable bioenergy applications,Journal of Microbiological Methods,2026,"hydrogen energy (not human health): biohydrogen, dark fermentation, fuel cell, renewable/clean energy",high,1,0
4223,the-global-hydrogen-budget-1777577956395,The global hydrogen budget,Nature,2025,"hydrogen energy (not human health): hydrogen economy/policy, energy transition/system, decarbonization, fossil fuel",medium,0,0
4243,mitigating-ammonia-inhibition-in-anaerobic-digestion-of-swine-manure-using-hydrogen-nanobubble-water-acclimation-multi-omics-insights-1782857395647,Mitigating ammonia inhibition in anaerobic digestion of swine manure using hydrogen nanobubble water acclimation: Multi-omics insights,Bioresource Technology,2026,"hydrogen energy (not human health): anaerobic digestion, biogas, wastewater/waste feedstock, energy journal",medium,0,0
