url,type,impressions_90d,clicks_90d,internal_links,decision,status_after,notes
/explore-by-condition/rheumatoid-arthritis,condition,65,0,2,keep-valid,200,"health_conditions row 'Rheumatoid Arthritis': lists 35 studies with the shared query (old crawler query matched 23, page listed 23); blog content (2x): hydrogen-water-health-benefits-for-arthritis-your-questions-answered-290536; target of 2 active redirects row(s)"
/explore-by-condition/oxidative-stress,condition,55,0,2,keep-valid,200,"health_conditions row 'Oxidative Stress': lists 100 studies with the shared query (old crawler query matched 344, page listed 100); blog content (2x): hydrogen-water-pregnancy-safety-your-questions-answered-524158 molecular-hydrogen-benefits-guide-pillar; target of 4 active redirects row(s)"
/explore-by-condition/allergies,condition,53,0,0,keep-valid,200,"health_conditions row 'Allergies': lists 45 studies with the shared query (old crawler query matched 9, page listed 9); target of 2 active redirects row(s)"
/explore-by-condition/anxiety-stress,condition,28,0,1,keep-valid,200,"health_conditions row 'Anxiety & Stress': lists 38 studies with the shared query (old crawler query matched 0, page listed 0); blog content (1x): molecular-hydrogen-benefits-guide-pillar; target of 3 active redirects row(s)"
/explore-by-condition/type-2-diabetes,condition,28,0,1,keep-valid,200,"health_conditions row 'Type 2 Diabetes': lists 100 studies with the shared query (old crawler query matched 72, page listed 72); blog content (1x): how-to-use-hydrogen-water-for-blood-sugar-a-science-backed-guide-038838; target of 5 active redirects row(s)"
/explore-by-condition/athletic-performance,condition,17,0,0,keep-valid,200,"health_conditions row 'Athletic Performance': lists 68 studies with the shared query (old crawler query matched 23, page listed 23); target of 2 active redirects row(s)"
/explore-by-condition/cognitive-function,condition,17,0,1,keep-valid,200,"health_conditions row 'Cognitive Function': lists 100 studies with the shared query (old crawler query matched 2, page listed 2); blog content (1x): molecular-hydrogen-benefits-guide-pillar; target of 7 active redirects row(s)"
/explore-by-condition/blood-pressure,condition,16,0,0,keep-valid,200,"health_conditions row 'Blood Pressure': lists 52 studies with the shared query (old crawler query matched 4, page listed 4); target of 4 active redirects row(s)"
/explore-by-condition/skin-aging,condition,11,0,1,keep-valid,200,"health_conditions row 'Skin Aging': lists 100 studies with the shared query (old crawler query matched 16, page listed 16); blog content (1x): molecular-hydrogen-benefits-guide-pillar; target of 1 active redirects row(s)"
/explore-by-condition/metabolic-syndrome,condition,7,0,4,keep-valid,200,"health_conditions row 'Metabolic Syndrome': lists 100 studies with the shared query (old crawler query matched 73, page listed 73); blog content (4x): how-to-use-hydrogen-water-for-blood-sugar-a-science-backed-guide-038838 hydrogen-water-and-cholesterol-what-2024-research-shows-308932 hydrogen-water-pregnancy-safety-your-questions-answered-524158 molecular-hydrogen-benefits-guide-pillar; target of 3 active redirects row(s)"
/explore-by-condition/inflammation,condition,6,0,1,keep-valid,200,"health_conditions row 'Inflammation': lists 100 studies with the shared query (old crawler query matched 244, page listed 100); blog content (1x): molecular-hydrogen-benefits-guide-pillar; target of 4 active redirects row(s)"
/explore-by-condition/parkinsons-disease,condition,6,0,0,keep-valid,200,"health_conditions row 'Parkinson's Disease': lists 49 studies with the shared query (old crawler query matched 49, page listed 49); target of 4 active redirects row(s)"
/explore-by-condition/gut-health,condition,4,0,0,keep-valid,200,"health_conditions row 'Gut Health': lists 100 studies with the shared query (old crawler query matched 1, page listed 1); target of 6 active redirects row(s)"
/explore-by-condition/chronic-fatigue,condition,3,0,0,keep-valid,200,"health_conditions row 'Chronic Fatigue': lists 65 studies with the shared query (old crawler query matched 15, page listed 15); target of 4 active redirects row(s)"
/explore-by-body-system/respiratory,body-system,2,0,0,keep-valid,200,target of 1 active redirects row(s)
/explore-by-condition/cholesterol,condition,2,0,1,keep-valid,200,"health_conditions row 'Cholesterol': lists 58 studies with the shared query (old crawler query matched 19, page listed 19); blog content (1x): molecular-hydrogen-benefits-guide-pillar; target of 2 active redirects row(s)"
/explore-by-condition/radiation-therapy-side-effects,condition,2,0,1,keep-valid,200,"health_conditions row 'Radiation Therapy Side Effects': lists 82 studies with the shared query (old crawler query matched 2, page listed 2); blog content (1x): how-to-use-hydrogen-water-for-cancer-support-a-science-backed-guide-529960; target of 1 active redirects row(s)"
/explore-by-condition/fatty-liver-nafld,condition,1,0,1,keep-valid,200,"health_conditions row 'Fatty Liver (NAFLD)': lists 42 studies with the shared query (old crawler query matched 0, page listed 0); blog content (1x): molecular-hydrogen-benefits-guide-pillar; target of 2 active redirects row(s)"
/explore-by-condition/kidney-health,condition,1,0,1,keep-valid,200,"health_conditions row 'Kidney Health': lists 100 studies with the shared query (old crawler query matched 0, page listed 0); blog content (1x): is-hydrogen-water-good-for-kidneys; target of 4 active redirects row(s)"
/explore-by-body-system/brain-nervous-system,body-system,0,0,0,keep-valid,200,target of 8 active redirects row(s)
/explore-by-body-system/cardiovascular,body-system,0,0,0,keep-valid,200,target of 1 active redirects row(s)
/explore-by-body-system/musculoskeletal,body-system,0,0,0,keep-valid,200,target of 2 active redirects row(s)
/explore-by-body-system/reproductive,body-system,0,0,0,keep-valid,200,target of 4 active redirects row(s)
/explore-by-body-system/skin-dermatology,body-system,0,0,0,keep-valid,200,target of 3 active redirects row(s)
/explore-by-condition/exercise-recovery,condition,0,0,2,keep-valid,200,"health_conditions row 'Exercise Recovery': lists 100 studies with the shared query (old crawler query matched 4, page listed 4); blog content (2x): hydrogen-water-real-or-fake molecular-hydrogen-benefits-guide-pillar; target of 1 active redirects row(s)"
/explore-by-condition/weight-loss-metabolism,condition,0,0,0,keep-valid,200,"health_conditions row 'Weight Loss & Metabolism': lists 56 studies with the shared query (old crawler query matched 0, page listed 0); target of 2 active redirects row(s)"
/explore-by-life-stage/elderly-aging,life-stage,0,0,0,keep-valid,200,sitemap-explore hub whose page lists 0 studies (empty page). Stays 200 + in sitemap: proposed 404 + sitemap removal NEEDS OWNER APPROVAL (content-destructive)
/explore-by-life-stage/infants-children,life-stage,0,0,0,keep-valid,200,sitemap-explore hub whose page lists 0 studies (empty page). Stays 200 + in sitemap: proposed 404 + sitemap removal NEEDS OWNER APPROVAL (content-destructive)
/explore-by-mechanism/hydrogen-water,mechanism,0,0,2,keep-valid,200,blog content (2x): h2-tabs-side-effects how-much-hydrogen-water-per-day
/explore-by-body-system/cardiovascular%20system,body-system,0,0,1,relink,404,code: client/src/pages/educational/HydrogenTherapyGuide.tsx (/learn/therapy-guide) → relinked to /explore-by-body-system/cardiovascular (this PR); was a 200 long-tail page for crawlers (words match); not a canonical hub → 404 now
/explore-by-body-system/cardiovascular-system,body-system,0,0,1,relink,404,code: client/src/pages/HomePage.tsx benefit cards → relinked to /explore-by-body-system/cardiovascular (this PR); was a 200 long-tail page for crawlers (words match); not a canonical hub → 404 now
/explore-by-body-system/hematological-system,body-system,0,0,1,relink,404,code: client/src/pages/ExploreByBodySystem.tsx (fallback for a category without a canonical hub) → card dropped; index links canonical hubs only (this PR); was a 200 long-tail page for crawlers (words match); not a canonical hub → 404 now
/explore-by-body-system/musculoskeletal-system,body-system,0,0,1,relink,404,code: client/src/pages/HomePage.tsx benefit cards → relinked to /explore-by-body-system/musculoskeletal (this PR); was a 200 long-tail page for crawlers (words match); not a canonical hub → 404 now
/explore-by-body-system/nervous%20system,body-system,0,0,1,relink,404,code: client/src/pages/educational/HydrogenTherapyGuide.tsx (/learn/therapy-guide) → relinked to /explore-by-body-system/brain-nervous-system (this PR); was a 200 long-tail page for crawlers (words match); not a canonical hub → 404 now
/explore-by-body-system/nervous-system,body-system,0,0,1,relink,404,code: client/src/pages/HomePage.tsx benefit cards → relinked to /explore-by-body-system/brain-nervous-system (this PR); was a 200 long-tail page for crawlers (words match); not a canonical hub → 404 now
/explore-by-body-system/renal-system,body-system,0,0,1,relink,404,code: client/src/pages/ExploreByBodySystem.tsx (fallback for a category without a canonical hub) → card dropped; index links canonical hubs only (this PR); was a 200 long-tail page for crawlers (words match); not a canonical hub → 404 now
/explore-by-condition/arthritis-inflammation,condition,0,0,1,relink,404,code: client/src/pages/ExploreByCondition.tsx (consumer-category card) → index now links GET /api/explore/condition/hubs (the crawler index list) (this PR); already a hard 404 for crawlers (no health_conditions row); now 404 for browsers too
/explore-by-condition/brain-mental-health,condition,0,0,1,relink,404,code: client/src/pages/ExploreByCondition.tsx (fallback list when the API failed) → fallback removed; index links GET /api/explore/condition/hubs (this PR); already a hard 404 for crawlers (no health_conditions row); now 404 for browsers too
/explore-by-condition/brain-neurological-disorders,condition,0,0,1,relink,404,code: client/src/pages/ExploreByCondition.tsx (consumer-category card) → index now links GET /api/explore/condition/hubs (the crawler index list) (this PR); already a hard 404 for crawlers (no health_conditions row); now 404 for browsers too
/explore-by-condition/breathing-lungs,condition,0,0,1,relink,404,code: client/src/pages/ExploreByCondition.tsx (fallback list when the API failed) → fallback removed; index links GET /api/explore/condition/hubs (this PR); already a hard 404 for crawlers (no health_conditions row); now 404 for browsers too
/explore-by-condition/cancer-support,condition,0,0,1,relink,404,code: client/src/pages/ExploreByCondition.tsx (fallback list when the API failed) → fallback removed; index links GET /api/explore/condition/hubs (this PR); already a hard 404 for crawlers (no health_conditions row); now 404 for browsers too
/explore-by-condition/cancer-supportive-care,condition,0,0,1,relink,404,code: client/src/pages/ExploreByCondition.tsx (consumer-category card) → index now links GET /api/explore/condition/hubs (the crawler index list) (this PR); already a hard 404 for crawlers (no health_conditions row); now 404 for browsers too
/explore-by-condition/diabetes-metabolic-health,condition,0,0,1,relink,404,code: client/src/pages/ExploreByCondition.tsx (consumer-category card) → index now links GET /api/explore/condition/hubs (the crawler index list) (this PR); already a hard 404 for crawlers (no health_conditions row); now 404 for browsers too
/explore-by-condition/digestive-health,condition,0,0,1,relink,404,code: client/src/pages/ExploreByCondition.tsx (fallback list when the API failed) → fallback removed; index links GET /api/explore/condition/hubs (this PR); already a hard 404 for crawlers (no health_conditions row); now 404 for browsers too
/explore-by-condition/digestive-health-gut-liver,condition,0,0,1,relink,404,code: client/src/pages/ExploreByCondition.tsx (consumer-category card) → index now links GET /api/explore/condition/hubs (the crawler index list) (this PR); already a hard 404 for crawlers (no health_conditions row); now 404 for browsers too
/explore-by-condition/energy-metabolism,condition,0,0,1,relink,404,code: client/src/pages/ExploreByCondition.tsx (fallback list when the API failed) → fallback removed; index links GET /api/explore/condition/hubs (this PR); already a hard 404 for crawlers (no health_conditions row); now 404 for browsers too
/explore-by-condition/heart-disease-hypertension,condition,0,0,1,relink,404,code: client/src/pages/ExploreByCondition.tsx (consumer-category card) → index now links GET /api/explore/condition/hubs (the crawler index list) (this PR); already a hard 404 for crawlers (no health_conditions row); now 404 for browsers too
/explore-by-condition/heart-health,condition,0,0,1,relink,404,code: client/src/pages/ExploreByCondition.tsx (fallback list when the API failed) → fallback removed; index links GET /api/explore/condition/hubs (this PR); already a hard 404 for crawlers (no health_conditions row); now 404 for browsers too
/explore-by-condition/liver-health,condition,0,0,1,relink,404,code: client/src/pages/ExploreByCondition.tsx (fallback list when the API failed) → fallback removed; index links GET /api/explore/condition/hubs (this PR); already a hard 404 for crawlers (no health_conditions row); now 404 for browsers too
/explore-by-condition/lung-respiratory-conditions,condition,0,0,1,relink,404,code: client/src/pages/ExploreByCondition.tsx (consumer-category card) → index now links GET /api/explore/condition/hubs (the crawler index list) (this PR); already a hard 404 for crawlers (no health_conditions row); now 404 for browsers too
/explore-by-condition/skin-health,condition,0,0,1,relink,404,code: client/src/pages/ExploreByCondition.tsx (fallback list when the API failed) → fallback removed; index links GET /api/explore/condition/hubs (this PR); already a hard 404 for crawlers (no health_conditions row); now 404 for browsers too
/explore-by-delivery-method/hydrogen-bath,delivery-method,0,0,1,relink,404,code: client/src/pages/educational/HydrogenTherapyGuide.tsx (/learn/therapy-guide) → relinked to /explore-by-mechanism/hydrogen-bath (this PR)
/explore-by-delivery-method/hydrogen-inhalation,delivery-method,0,0,1,relink,404,code: client/src/pages/educational/HydrogenTherapyGuide.tsx (/learn/therapy-guide) → relinked to /explore-by-mechanism/hydrogen-inhalation (this PR)
/explore-by-delivery-method/hydrogen-water,delivery-method,0,0,1,relink,404,code: client/src/pages/educational/HydrogenTherapyGuide.tsx (/learn/therapy-guide) → relinked to /explore-by-mechanism/hydrogen-water (this PR)
/explore-by-delivery-method/topical-hydrogen,delivery-method,0,0,1,relink,404,code: client/src/pages/educational/HydrogenTherapyGuide.tsx (/learn/therapy-guide) → relinked to /explore-by-mechanism/topical-hydrogen (this PR)
/explore-by-life-stage/adolescents,life-stage,0,0,1,relink,404,code: client/src/pages/ExploreByLifeStage.tsx (consumer-category card) → index now links GET /api/explore/life-stage/hubs (the crawler index list) (this PR)
/explore-by-life-stage/men's-health,life-stage,0,0,1,relink,404,code: client/src/pages/ExploreByLifeStage.tsx (consumer-category card) → index now links GET /api/explore/life-stage/hubs (the crawler index list) (this PR)
/explore-by-life-stage/older-adults,life-stage,0,0,1,relink,404,code: client/src/pages/ExploreByLifeStage.tsx (consumer-category card) → index now links GET /api/explore/life-stage/hubs (the crawler index list) (this PR)
/explore-by-life-stage/women's-health,life-stage,0,0,1,relink,404,code: client/src/pages/ExploreByLifeStage.tsx (consumer-category card) → index now links GET /api/explore/life-stage/hubs (the crawler index list) (this PR)
/explore-by-body-system/ophthalmologic,body-system,63,0,0,301→/explore-by-body-system/eyes-vision,404,was a 200 long-tail page for crawlers (words match); not a canonical hub → 404 now
/explore-by-condition/radiation-exposure,condition,34,0,0,301→/explore-by-condition/radiation-therapy-side-effects,404,already a hard 404 for crawlers (no health_conditions row); now 404 for browsers too
/explore-by-condition/radiation-induced-immunosuppression,condition,31,0,0,301→/explore-by-condition/radiation-therapy-side-effects,404,already a hard 404 for crawlers (no health_conditions row); now 404 for browsers too
/explore-by-body-system/vascular,body-system,29,0,0,301→/explore-by-body-system/cardiovascular,404,was a 200 long-tail page for crawlers (words match); not a canonical hub → 404 now
/explore-by-condition/inflammatory-disorders,condition,25,0,0,301→/explore-by-condition/inflammation,404,already a hard 404 for crawlers (no health_conditions row); now 404 for browsers too
/explore-by-body-system/digestive-system,body-system,24,0,0,301→/explore-by-body-system/digestive,404,was a 200 long-tail page for crawlers (words match); not a canonical hub → 404 now
/explore-by-body-system/nervous-system-central-nervous-system,body-system,24,0,0,301→/explore-by-body-system/brain-nervous-system,404,was a 200 long-tail page for crawlers (words match); not a canonical hub → 404 now
/explore-by-body-system/genitourinary,body-system,19,0,0,301→/explore-by-body-system/urinary-renal,404,was a 200 long-tail page for crawlers (words match); not a canonical hub → 404 now
/explore-by-body-system/immune,body-system,18,0,0,301→/explore-by-body-system/immune-system,404,was a 200 long-tail page for crawlers (words match); not a canonical hub → 404 now
/explore-by-condition/radiation-induced-kidney-injury,condition,17,0,0,301→/explore-by-condition/kidney-health,404,already a hard 404 for crawlers (no health_conditions row); now 404 for browsers too
/explore-by-body-system/hepatic,body-system,13,0,0,301→/explore-by-body-system/liver,404,was a 200 long-tail page for crawlers (words match); not a canonical hub → 404 now
/explore-by-condition/inflammatory-bowel-disease-ibd,condition,13,0,0,301→/explore-by-condition/gut-health,404,already a hard 404 for crawlers (no health_conditions row); now 404 for browsers too
/explore-by-body-system/ocular,body-system,11,0,0,301→/explore-by-body-system/eyes-vision,404,was a 200 long-tail page for crawlers (words match); not a canonical hub → 404 now
/explore-by-body-system/uterus,body-system,9,0,0,301→/explore-by-body-system/reproductive,404,was a 200 long-tail page for crawlers (words match); not a canonical hub → 404 now
/explore-by-condition/atherosclerosis,condition,9,0,1,301→/explore-by-condition/cholesterol,404,blog content (1x): how-to-use-hydrogen-water-for-liver-health-boost-cholesterol-control-184817; already a hard 404 for crawlers (no health_conditions row); now 404 for browsers too
/explore-by-condition/delayed-onset-muscle-soreness-doms,condition,8,0,0,301→/explore-by-condition/exercise-recovery,404,already a hard 404 for crawlers (no health_conditions row); now 404 for browsers too
/explore-by-condition/radiation-induced-dermatitis,condition,7,0,0,301→/explore-by-condition/radiation-therapy-side-effects,404,already a hard 404 for crawlers (no health_conditions row); now 404 for browsers too
/explore-by-body-system/respiratory-system,body-system,6,0,0,301→/explore-by-body-system/respiratory,404,was a 200 long-tail page for crawlers (words match); not a canonical hub → 404 now
/explore-by-condition/exercise-performance,condition,6,0,0,301→/explore-by-condition/athletic-performance,404,already a hard 404 for crawlers (no health_conditions row); now 404 for browsers too
/explore-by-body-system/bladder,body-system,5,0,0,301→/explore-by-body-system/urinary-renal,404,was a 200 long-tail page for crawlers (words match); not a canonical hub → 404 now
/explore-by-body-system/hepatobiliary,body-system,5,0,0,301→/explore-by-body-system/liver,404,was a 200 long-tail page for crawlers (words match); not a canonical hub → 404 now
/explore-by-body-system/renal,body-system,5,0,0,301→/explore-by-body-system/urinary-renal,404,was a 200 long-tail page for crawlers (words match); not a canonical hub → 404 now
/explore-by-condition/acute-inflammation,condition,5,0,0,301→/explore-by-condition/inflammation,404,already a hard 404 for crawlers (no health_conditions row); now 404 for browsers too
/explore-by-body-system/cerebrovascular,body-system,4,0,0,301→/explore-by-body-system/brain-nervous-system,404,was a 200 long-tail page for crawlers (words match); not a canonical hub → 404 now
/explore-by-condition/tissue-inflammation,condition,4,0,0,301→/explore-by-condition/inflammation,404,already a hard 404 for crawlers (no health_conditions row); now 404 for browsers too
/explore-by-body-system/central-nervous,body-system,3,0,0,301→/explore-by-body-system/brain-nervous-system,404,was a 200 long-tail page for crawlers (words match); not a canonical hub → 404 now
/explore-by-body-system/lymphatic,body-system,3,0,0,301→/explore-by-body-system/immune-system,404,was a 200 long-tail page for crawlers (words match); not a canonical hub → 404 now
/explore-by-body-system/neurological,body-system,3,0,0,301→/explore-by-body-system/brain-nervous-system,404,was a 200 long-tail page for crawlers (words match); not a canonical hub → 404 now
/explore-by-condition/metabolic-dysfunction-associated-steatotic-liver-disease,condition,3,0,0,301→/explore-by-condition/fatty-liver-nafld,404,already a hard 404 for crawlers (no health_conditions row); now 404 for browsers too
/explore-by-condition/oxidative-stress-related-diseases,condition,3,0,0,301→/explore-by-condition/oxidative-stress,404,already a hard 404 for crawlers (no health_conditions row); now 404 for browsers too
/explore-by-body-system/integumentary,body-system,2,0,0,301→/explore-by-body-system/skin-dermatology,404,was a 200 long-tail page for crawlers (words match); not a canonical hub → 404 now
/explore-by-body-system/intestinal-microbiome,body-system,2,0,0,301→/explore-by-body-system/digestive,404,was a 200 long-tail page for crawlers (words match); not a canonical hub → 404 now
/explore-by-body-system/ocular-circulation,body-system,2,0,0,301→/explore-by-body-system/eyes-vision,404,was a 200 long-tail page for crawlers (words match); not a canonical hub → 404 now
/explore-by-body-system/skeletal-system,body-system,2,0,0,301→/explore-by-body-system/musculoskeletal,404,was a 200 long-tail page for crawlers (words match); not a canonical hub → 404 now
/explore-by-body-system/visual,body-system,2,0,0,301→/explore-by-body-system/eyes-vision,404,was a 200 long-tail page for crawlers (words match); not a canonical hub → 404 now
/explore-by-condition/allergic-asthma,condition,2,0,0,301→/explore-by-condition/allergies,404,already a hard 404 for crawlers (no health_conditions row); now 404 for browsers too
/explore-by-condition/exercise-induced-muscle-damage,condition,2,0,0,301→/explore-by-condition/exercise-recovery,404,already a hard 404 for crawlers (no health_conditions row); now 404 for browsers too
/explore-by-body-system/brain-hippocampus,body-system,1,0,0,301→/explore-by-body-system/brain-nervous-system,404,was a 200 long-tail page for crawlers (words match); not a canonical hub → 404 now
/explore-by-body-system/central-nervous-system,body-system,1,0,0,301→/explore-by-body-system/brain-nervous-system,404,was a 200 long-tail page for crawlers (words match); not a canonical hub → 404 now
/explore-by-body-system/cerebrovascular-system,body-system,1,0,0,301→/explore-by-body-system/brain-nervous-system,404,was a 200 long-tail page for crawlers (words match); not a canonical hub → 404 now
/explore-by-body-system/gastrointestinal-tract,body-system,1,0,0,301→/explore-by-body-system/digestive,404,was a 200 long-tail page for crawlers (words match); not a canonical hub → 404 now
/explore-by-body-system/gynecological,body-system,1,0,0,301→/explore-by-body-system/reproductive,404,was a 200 long-tail page for crawlers (words match); not a canonical hub → 404 now
/explore-by-body-system/hippocampus,body-system,1,0,0,301→/explore-by-body-system/brain-nervous-system,404,was a 200 long-tail page for crawlers (words match); not a canonical hub → 404 now
/explore-by-body-system/integumentary-system,body-system,1,0,0,301→/explore-by-body-system/skin-dermatology,404,was a 200 long-tail page for crawlers (words match); not a canonical hub → 404 now
/explore-by-body-system/joints,body-system,1,0,0,301→/explore-by-body-system/musculoskeletal,404,was a 200 long-tail page for crawlers (words match); not a canonical hub → 404 now
/explore-by-body-system/lacrimal-system,body-system,1,0,0,301→/explore-by-body-system/eyes-vision,404,was a 200 long-tail page for crawlers (words match); not a canonical hub → 404 now
/explore-by-body-system/ocular-system,body-system,1,0,0,301→/explore-by-body-system/eyes-vision,404,was a 200 long-tail page for crawlers (words match); not a canonical hub → 404 now
/explore-by-body-system/urinary-system,body-system,1,0,0,301→/explore-by-body-system/urinary-renal,404,was a 200 long-tail page for crawlers (words match); not a canonical hub → 404 now
/explore-by-body-system/urogenital,body-system,1,0,0,301→/explore-by-body-system/urinary-renal,404,was a 200 long-tail page for crawlers (words match); not a canonical hub → 404 now
/explore-by-condition/allergic-contact-dermatitis,condition,1,0,0,301→/explore-by-condition/allergies,404,already a hard 404 for crawlers (no health_conditions row); now 404 for browsers too
/explore-by-condition/intestinal-dysbiosis,condition,1,0,0,301→/explore-by-condition/gut-health,404,already a hard 404 for crawlers (no health_conditions row); now 404 for browsers too
/explore-by-condition/kidney-stones,condition,1,0,0,301→/explore-by-condition/kidney-health,404,already a hard 404 for crawlers (no health_conditions row); now 404 for browsers too
/explore-by-condition/post-operative-cognitive-dysfunction,condition,1,0,0,301→/explore-by-condition/cognitive-function,404,already a hard 404 for crawlers (no health_conditions row); now 404 for browsers too
/explore-by-condition/small-intestinal-bacterial-overgrowth-sibo,condition,1,0,0,301→/explore-by-condition/gut-health,404,already a hard 404 for crawlers (no health_conditions row); now 404 for browsers too
/explore-by-condition/uv-induced-skin-damage,condition,1,0,0,301→/explore-by-condition/skin-aging,404,already a hard 404 for crawlers (no health_conditions row); now 404 for browsers too
/explore-by-condition/age-related-oxidative-stress,condition,0,0,1,301→/explore-by-condition/oxidative-stress,404,blog content (1x): how-to-use-hydrogen-water-for-anti-aging-a-science-backed-guide-617073; already a hard 404 for crawlers (no health_conditions row); now 404 for browsers too
/explore-by-condition/anesthesia-induced-neurotoxicity,condition,0,0,1,301→/explore-by-body-system/brain-nervous-system,404,blog content (1x): how-to-use-hydrogen-water-for-kids-surgery-safety-a-science-backed-guide-218367; already a hard 404 for crawlers (no health_conditions row); now 404 for browsers too
/explore-by-condition/autoimmune-disease,condition,0,0,1,301→/explore-by-body-system/immune-system,404,blog content (1x): hydrogen-water-health-benefits-for-arthritis-your-questions-answered-290536; already a hard 404 for crawlers (no health_conditions row); now 404 for browsers too
/explore-by-condition/bone-fractures,condition,0,0,1,301→/explore-by-body-system/musculoskeletal,404,blog content (1x): how-to-use-hydrogen-water-for-spine-pain-a-science-backed-guide-855883; already a hard 404 for crawlers (no health_conditions row); now 404 for browsers too
/explore-by-condition/cardiovascular-disease,condition,0,0,2,301→/explore-by-body-system/cardiovascular,404,blog content (2x): how-to-use-hydrogen-water-for-liver-health-boost-cholesterol-control-184817 hydrogen-water-general-health-your-questions-answered-180766; already a hard 404 for crawlers (no health_conditions row); now 404 for browsers too
/explore-by-condition/chronic-inflammatory-skin-disorders,condition,0,0,1,301→/explore-by-body-system/skin-dermatology,404,blog content (1x): how-to-use-hydrogen-water-for-psoriasis-relief-a-science-backed-guide-099066; already a hard 404 for crawlers (no health_conditions row); now 404 for browsers too
/explore-by-condition/crohn-s-disease,condition,0,0,1,301→/explore-by-condition/gut-health,404,blog content (1x): how-to-use-hydrogen-water-for-gut-health-a-science-backed-guide-646080; already a hard 404 for crawlers (no health_conditions row); now 404 for browsers too
/explore-by-condition/diabetes,condition,0,0,1,301→/explore-by-condition/type-2-diabetes,404,blog content (1x): hydrogen-water-pregnancy-safety-your-questions-answered-524158; already a hard 404 for crawlers (no health_conditions row); now 404 for browsers too
/explore-by-condition/dyslipidemia,condition,0,0,2,301→/explore-by-condition/cholesterol,404,blog content (2x): how-to-use-hydrogen-water-for-cholesterol-a-science-backed-guide-385114 hydrogen-water-and-cholesterol-what-2024-research-shows-308932; already a hard 404 for crawlers (no health_conditions row); now 404 for browsers too
/explore-by-condition/high-cholesterol,condition,0,0,3,301→/explore-by-condition/cholesterol,404,blog content (3x): how-to-use-hydrogen-water-for-cholesterol-a-science-backed-guide-385114 how-to-use-hydrogen-water-for-liver-health-boost-cholesterol-control-184817 hydrogen-water-and-cholesterol-what-2024-research-shows-308932; already a hard 404 for crawlers (no health_conditions row); now 404 for browsers too
/explore-by-condition/inflammatory-bowel-disease,condition,0,0,1,301→/explore-by-condition/gut-health,404,blog content (1x): how-to-use-hydrogen-water-for-gut-health-a-science-backed-guide-646080; already a hard 404 for crawlers (no health_conditions row); now 404 for browsers too
/explore-by-condition/insulin-resistance,condition,0,0,1,301→/explore-by-condition/metabolic-syndrome,404,blog content (1x): how-to-use-hydrogen-water-for-blood-sugar-a-science-backed-guide-038838; already a hard 404 for crawlers (no health_conditions row); now 404 for browsers too
/explore-by-condition/neurological-disorders,condition,0,0,1,301→/explore-by-body-system/brain-nervous-system,404,blog content (1x): hydrogen-water-general-health-your-questions-answered-180766; already a hard 404 for crawlers (no health_conditions row); now 404 for browsers too
/explore-by-condition/neuronal-apoptosis,condition,0,0,1,301→/explore-by-body-system/brain-nervous-system,404,blog content (1x): how-to-use-hydrogen-water-for-kids-surgery-safety-a-science-backed-guide-218367; already a hard 404 for crawlers (no health_conditions row); now 404 for browsers too
/explore-by-condition/nocturia,condition,0,0,1,301→/explore-by-body-system/urinary-renal,404,blog content (1x): how-to-use-hydrogen-water-for-bladder-control-a-science-backed-guide-082030; already a hard 404 for crawlers (no health_conditions row); now 404 for browsers too
/explore-by-condition/nocturnal-polyuria,condition,0,0,1,301→/explore-by-body-system/urinary-renal,404,blog content (1x): how-to-use-hydrogen-water-for-bladder-control-a-science-backed-guide-082030; already a hard 404 for crawlers (no health_conditions row); now 404 for browsers too
/explore-by-condition/obesity,condition,0,0,1,301→/explore-by-condition/weight-loss-metabolism,404,blog content (1x): how-to-use-hydrogen-water-for-cholesterol-a-science-backed-guide-385114; already a hard 404 for crawlers (no health_conditions row); now 404 for browsers too
/explore-by-condition/psoriasis,condition,0,0,1,301→/explore-by-body-system/skin-dermatology,404,blog content (1x): how-to-use-hydrogen-water-for-psoriasis-relief-a-science-backed-guide-099066; already a hard 404 for crawlers (no health_conditions row); now 404 for browsers too
/explore-by-condition/ulcerative-colitis,condition,0,0,1,301→/explore-by-condition/gut-health,404,blog content (1x): how-to-use-hydrogen-water-for-gut-health-a-science-backed-guide-646080; already a hard 404 for crawlers (no health_conditions row); now 404 for browsers too
/explore-by-condition/urinary-frequency,condition,0,0,1,301→/explore-by-body-system/urinary-renal,404,blog content (1x): how-to-use-hydrogen-water-for-bladder-control-a-science-backed-guide-082030; already a hard 404 for crawlers (no health_conditions row); now 404 for browsers too
/explore-by-body-system/molecular,body-system,512,2,0,404,404,was a 200 long-tail page for crawlers (words match); not a canonical hub → 404 now; impressions are brand / site: queries
/explore-by-condition/general-health-conditions,condition,308,3,0,404,404,already a hard 404 for crawlers (no health_conditions row); now 404 for browsers too; impressions are brand / site: queries
/explore-by-body-system/multi-system,body-system,246,0,0,404,404,was a 200 long-tail page for crawlers (words match); not a canonical hub → 404 now; impressions are brand / site: queries
/explore-by-body-system/genetic,body-system,75,0,0,404,404,was a 200 long-tail page for crawlers (words match); not a canonical hub → 404 now; impressions are brand / site: queries
/explore-by-body-system/auditory,body-system,72,0,0,404,404,was a 200 long-tail page for crawlers (words match); not a canonical hub → 404 now; impressions are brand / site: queries
/explore-by-body-system/pancreatic,body-system,70,0,0,404,404,was a 200 long-tail page for crawlers (words match); not a canonical hub → 404 now; impressions are brand / site: queries
/explore-by-body-system/whole-body,body-system,57,0,1,404,404,code: client/src/pages/ExploreByBodySystem.tsx (fallback for a category without a canonical hub) → card dropped; index links canonical hubs only (this PR); was a 200 long-tail page for crawlers (words match); not a canonical hub → 404 now; impressions are brand / site: queries
/explore-by-condition/cellular-aging,condition,52,0,1,404,404,blog content (1x): how-to-use-hydrogen-water-for-anti-aging-a-science-backed-guide-617073; already a hard 404 for crawlers (no health_conditions row); now 404 for browsers too; no equivalent hub — suggest unlinking in the article(s)
/explore-by-body-system/enzymatic,body-system,40,0,0,404,404,was a 200 long-tail page for crawlers (words match); not a canonical hub → 404 now; impressions are brand / site: queries
/explore-by-body-system/thermoregulatory,body-system,38,0,0,404,404,was a 200 long-tail page for crawlers (words match); not a canonical hub → 404 now; impressions are brand / site: queries
/explore-by-condition/skin-cancer,condition,38,0,0,404,404,already a hard 404 for crawlers (no health_conditions row); now 404 for browsers too
/explore-by-condition/arsenic-poisoning,condition,37,0,0,404,404,already a hard 404 for crawlers (no health_conditions row); now 404 for browsers too
/explore-by-body-system/oral,body-system,35,0,0,404,404,was a 200 long-tail page for crawlers (words match); not a canonical hub → 404 now
/explore-by-condition/chronic-inflammatory-pain,condition,35,0,0,404,404,already a hard 404 for crawlers (no health_conditions row); now 404 for browsers too
/explore-by-condition/endometrial-cancer,condition,35,0,0,404,404,already a hard 404 for crawlers (no health_conditions row); now 404 for browsers too
/explore-by-condition/h-pylori-infection,condition,35,0,0,404,404,already a hard 404 for crawlers (no health_conditions row); now 404 for browsers too
/explore-by-condition/paraquat-poisoning,condition,35,0,0,404,404,already a hard 404 for crawlers (no health_conditions row); now 404 for browsers too
/explore-by-condition/fetal-brain-injury,condition,34,0,0,404,404,already a hard 404 for crawlers (no health_conditions row); now 404 for browsers too
/explore-by-condition/cholangiofibrosis,condition,32,0,0,404,404,already a hard 404 for crawlers (no health_conditions row); now 404 for browsers too
/explore-by-condition/corneal-neovascularization,condition,31,0,0,404,404,already a hard 404 for crawlers (no health_conditions row); now 404 for browsers too
/explore-by-condition/neurodevelopmental-disorders,condition,31,0,0,404,404,already a hard 404 for crawlers (no health_conditions row); now 404 for browsers too
/explore-by-condition/pulmonary-arterial-hypertension,condition,31,0,0,404,404,already a hard 404 for crawlers (no health_conditions row); now 404 for browsers too
/explore-by-condition/pulmonary-veno-occlusive-disease-pvod,condition,30,0,0,404,404,already a hard 404 for crawlers (no health_conditions row); now 404 for browsers too
/explore-by-condition/skin-irritation,condition,30,0,0,404,404,already a hard 404 for crawlers (no health_conditions row); now 404 for browsers too
/explore-by-condition/age-related-frailty,condition,29,0,0,404,404,already a hard 404 for crawlers (no health_conditions row); now 404 for browsers too
/explore-by-condition/pneumoconiosis,condition,29,0,0,404,404,already a hard 404 for crawlers (no health_conditions row); now 404 for browsers too
/explore-by-body-system/cellular-system,body-system,27,0,0,404,404,was a 200 long-tail page for crawlers (words match); not a canonical hub → 404 now; impressions are brand / site: queries
/explore-by-body-system/epithelial-tissue,body-system,26,0,0,404,404,was a 200 long-tail page for crawlers (words match); not a canonical hub → 404 now; impressions are brand / site: queries
/explore-by-condition/epithelial-ovarian-cancer,condition,24,0,0,404,404,already a hard 404 for crawlers (no health_conditions row); now 404 for browsers too
/explore-by-body-system/cellular-oxidative-stress-response,body-system,23,0,0,404,404,was a 200 long-tail page for crawlers (words match); not a canonical hub → 404 now; impressions are brand / site: queries
/explore-by-condition/type-1-diabetes,condition,23,0,0,404,404,already a hard 404 for crawlers (no health_conditions row); now 404 for browsers too
/explore-by-condition/hidden-blood-loss,condition,22,0,0,404,404,already a hard 404 for crawlers (no health_conditions row); now 404 for browsers too
/explore-by-body-system/mitochondrial-system,body-system,21,0,0,404,404,was a 200 long-tail page for crawlers (words match); not a canonical hub → 404 now; impressions are brand / site: queries
/explore-by-condition/alcoholic-liver-disease,condition,20,0,0,404,404,already a hard 404 for crawlers (no health_conditions row); now 404 for browsers too
/explore-by-body-system/cellular-systems,body-system,18,0,0,404,404,was a 200 long-tail page for crawlers (words match); not a canonical hub → 404 now
/explore-by-body-system/hematologic-system,body-system,18,0,0,404,404,was a 200 long-tail page for crawlers (words match); not a canonical hub → 404 now
/explore-by-condition/oral-infections,condition,17,0,0,404,404,already a hard 404 for crawlers (no health_conditions row); now 404 for browsers too
/explore-by-condition/refractory-wounds,condition,16,0,0,404,404,already a hard 404 for crawlers (no health_conditions row); now 404 for browsers too
/explore-by-body-system/metabolic,body-system,15,0,0,404,404,was a 200 long-tail page for crawlers (words match); not a canonical hub → 404 now
/explore-by-condition/lung-transplant-recipients,condition,15,0,0,404,404,already a hard 404 for crawlers (no health_conditions row); now 404 for browsers too
/explore-by-body-system/peritoneal,body-system,14,0,0,404,404,was a 200 long-tail page for crawlers (words match); not a canonical hub → 404 now
/explore-by-body-system/systemic,body-system,13,0,0,404,404,was a 200 long-tail page for crawlers (words match); not a canonical hub → 404 now
/explore-by-condition/aspirin-induced-gastritis,condition,13,0,0,404,404,already a hard 404 for crawlers (no health_conditions row); now 404 for browsers too
/explore-by-condition/food-borne-illness-prevention,condition,13,0,0,404,404,already a hard 404 for crawlers (no health_conditions row); now 404 for browsers too
/explore-by-body-system/mammary-system,body-system,12,0,0,404,404,was a 200 long-tail page for crawlers (words match); not a canonical hub → 404 now
/explore-by-condition/drug-induced-liver-injury,condition,12,0,0,404,404,already a hard 404 for crawlers (no health_conditions row); now 404 for browsers too
/explore-by-condition/noise-induced-hearing-loss,condition,11,0,0,404,404,already a hard 404 for crawlers (no health_conditions row); now 404 for browsers too
/explore-by-body-system/inflammatory-response,body-system,10,0,0,404,404,was a 200 long-tail page for crawlers (words match); not a canonical hub → 404 now
/explore-by-condition/chronic-obstructive-pulmonary-disease-copd,condition,10,0,0,404,404,already a hard 404 for crawlers (no health_conditions row); now 404 for browsers too
/explore-by-condition/pregnancy-gingivitis,condition,9,0,0,404,404,already a hard 404 for crawlers (no health_conditions row); now 404 for browsers too
/explore-by-condition/right-ventricular-hypertrophy,condition,9,0,0,404,404,already a hard 404 for crawlers (no health_conditions row); now 404 for browsers too
/explore-by-condition/st-elevated-myocardial-infarction,condition,9,0,0,404,404,already a hard 404 for crawlers (no health_conditions row); now 404 for browsers too
/explore-by-condition/colon-cancer,condition,8,0,0,404,404,already a hard 404 for crawlers (no health_conditions row); now 404 for browsers too
/explore-by-condition/esophageal-cancer,condition,8,0,0,404,404,already a hard 404 for crawlers (no health_conditions row); now 404 for browsers too
/explore-by-condition/gastric-cancer,condition,8,0,0,404,404,already a hard 404 for crawlers (no health_conditions row); now 404 for browsers too
/explore-by-condition/general-wellness,condition,8,0,1,404,404,code: client/src/pages/ExploreByCondition.tsx (fallback list when the API failed) → fallback removed; index links GET /api/explore/condition/hubs (this PR); already a hard 404 for crawlers (no health_conditions row); now 404 for browsers too
/explore-by-condition/metabolic-health,condition,8,0,0,404,404,already a hard 404 for crawlers (no health_conditions row); now 404 for browsers too
/explore-by-condition/osteomyelitis,condition,8,0,0,404,404,already a hard 404 for crawlers (no health_conditions row); now 404 for browsers too
/explore-by-condition/post-operative-hyperalgesia,condition,8,0,0,404,404,already a hard 404 for crawlers (no health_conditions row); now 404 for browsers too
/explore-by-condition/uveitis,condition,8,0,0,404,404,already a hard 404 for crawlers (no health_conditions row); now 404 for browsers too
/explore-by-body-system/dental,body-system,7,0,0,404,404,was a 200 long-tail page for crawlers (words match); not a canonical hub → 404 now
/explore-by-condition/glaucoma,condition,7,0,0,404,404,already a hard 404 for crawlers (no health_conditions row); now 404 for browsers too
/explore-by-condition/high-pressure-neurological-syndrome,condition,7,0,0,404,404,already a hard 404 for crawlers (no health_conditions row); now 404 for browsers too
/explore-by-condition/traumatic-optic-neuropathy,condition,7,0,0,404,404,already a hard 404 for crawlers (no health_conditions row); now 404 for browsers too
/explore-by-body-system/carbon-metabolism,body-system,6,0,0,404,404,was a 200 long-tail page for crawlers (words match); not a canonical hub → 404 now
/explore-by-body-system/cellular,body-system,6,0,0,404,404,was a 200 long-tail page for crawlers (words match); not a canonical hub → 404 now
/explore-by-condition/cellular-damage,condition,6,0,0,404,404,already a hard 404 for crawlers (no health_conditions row); now 404 for browsers too
/explore-by-condition/acute-erythematous-skin-disease,condition,5,0,0,404,404,already a hard 404 for crawlers (no health_conditions row); now 404 for browsers too
/explore-by-condition/aspirin-induced-gastropathy,condition,5,0,0,404,404,already a hard 404 for crawlers (no health_conditions row); now 404 for browsers too
/explore-by-condition/hypospadias,condition,5,0,0,404,404,already a hard 404 for crawlers (no health_conditions row); now 404 for browsers too
/explore-by-condition/sj-gren-s-syndrome,condition,5,0,0,404,404,already a hard 404 for crawlers (no health_conditions row); now 404 for browsers too
/explore-by-condition/traumatic-brain-injury-tbi,condition,5,0,0,404,404,already a hard 404 for crawlers (no health_conditions row); now 404 for browsers too
/explore-by-body-system/cellular-protection-mechanisms,body-system,4,0,0,404,404,was a 200 long-tail page for crawlers (words match); not a canonical hub → 404 now
/explore-by-body-system/enzymatic-systems,body-system,4,0,0,404,404,was a 200 long-tail page for crawlers (words match); not a canonical hub → 404 now
/explore-by-condition/brain-glioma,condition,4,0,0,404,404,already a hard 404 for crawlers (no health_conditions row); now 404 for browsers too
/explore-by-condition/cisplatin-induced-ototoxicity,condition,4,0,0,404,404,already a hard 404 for crawlers (no health_conditions row); now 404 for browsers too
/explore-by-condition/idiopathic-sudden-sensorineural-hearing-loss,condition,4,0,0,404,404,already a hard 404 for crawlers (no health_conditions row); now 404 for browsers too
/explore-by-condition/ovarian-torsion,condition,4,0,0,404,404,already a hard 404 for crawlers (no health_conditions row); now 404 for browsers too
/explore-by-condition/retinitis-pigmentosa,condition,4,0,0,404,404,already a hard 404 for crawlers (no health_conditions row); now 404 for browsers too
/explore-by-condition/tendon-injuries,condition,4,0,0,404,404,already a hard 404 for crawlers (no health_conditions row); now 404 for browsers too
/explore-by-body-system/detoxification,body-system,3,0,0,404,404,was a 200 long-tail page for crawlers (words match); not a canonical hub → 404 now
/explore-by-body-system/hematologic,body-system,3,0,0,404,404,was a 200 long-tail page for crawlers (words match); not a canonical hub → 404 now
/explore-by-body-system/tissue,body-system,3,0,0,404,404,was a 200 long-tail page for crawlers (words match); not a canonical hub → 404 now
/explore-by-condition/chronic-dermatitis,condition,3,0,0,404,404,already a hard 404 for crawlers (no health_conditions row); now 404 for browsers too
/explore-by-condition/chronic-illness,condition,3,0,0,404,404,already a hard 404 for crawlers (no health_conditions row); now 404 for browsers too
/explore-by-condition/germinal-matrix-hemorrhage,condition,3,0,0,404,404,already a hard 404 for crawlers (no health_conditions row); now 404 for browsers too
/explore-by-condition/methamphetamine-addiction,condition,3,0,0,404,404,already a hard 404 for crawlers (no health_conditions row); now 404 for browsers too
/explore-by-condition/multiple-disease-states,condition,3,0,0,404,404,already a hard 404 for crawlers (no health_conditions row); now 404 for browsers too
/explore-by-condition/ocular-melanoma,condition,3,0,0,404,404,already a hard 404 for crawlers (no health_conditions row); now 404 for browsers too
/explore-by-condition/perforated-peritonitis,condition,3,0,0,404,404,already a hard 404 for crawlers (no health_conditions row); now 404 for browsers too
/explore-by-condition/skeletal-muscle-injury,condition,3,0,0,404,404,already a hard 404 for crawlers (no health_conditions row); now 404 for browsers too
/explore-by-condition/steroid-associated-osteonecrosis,condition,3,0,0,404,404,already a hard 404 for crawlers (no health_conditions row); now 404 for browsers too
/explore-by-body-system/antioxidant,body-system,2,0,0,404,404,was a 200 long-tail page for crawlers (words match); not a canonical hub → 404 now
/explore-by-body-system/cellular-redox-systems,body-system,2,0,0,404,404,was a 200 long-tail page for crawlers (words match); not a canonical hub → 404 now
/explore-by-body-system/inflammatory,body-system,2,0,0,404,404,was a 200 long-tail page for crawlers (words match); not a canonical hub → 404 now
/explore-by-body-system/portal-venous-system,body-system,2,0,0,404,404,was a 200 long-tail page for crawlers (words match); not a canonical hub → 404 now
/explore-by-body-system/vestibular-system,body-system,2,0,0,404,404,was a 200 long-tail page for crawlers (words match); not a canonical hub → 404 now
/explore-by-condition/acute-cerebral-ischemia,condition,2,0,0,404,404,already a hard 404 for crawlers (no health_conditions row); now 404 for browsers too
/explore-by-condition/chronic-obstructive-pulmonary-disease,condition,2,0,0,404,404,already a hard 404 for crawlers (no health_conditions row); now 404 for browsers too
/explore-by-condition/corneal-endothelial-decompensation,condition,2,0,0,404,404,already a hard 404 for crawlers (no health_conditions row); now 404 for browsers too
/explore-by-condition/heart-failure,condition,2,0,0,404,404,already a hard 404 for crawlers (no health_conditions row); now 404 for browsers too
/explore-by-condition/post-operative-sore-throat,condition,2,0,0,404,404,already a hard 404 for crawlers (no health_conditions row); now 404 for browsers too
/explore-by-condition/stroke,condition,2,0,0,404,404,already a hard 404 for crawlers (no health_conditions row); now 404 for browsers too
/explore-by-condition/third-degree-burns,condition,2,0,0,404,404,already a hard 404 for crawlers (no health_conditions row); now 404 for browsers too
/explore-by-condition/wound-healing-impairment,condition,2,0,0,404,404,already a hard 404 for crawlers (no health_conditions row); now 404 for browsers too
/explore-by-body-system/cellular-energy-metabolism,body-system,1,0,0,404,404,was a 200 long-tail page for crawlers (words match); not a canonical hub → 404 now
/explore-by-body-system/cellular-redox-system,body-system,1,0,0,404,404,was a 200 long-tail page for crawlers (words match); not a canonical hub → 404 now
/explore-by-body-system/electron-transport-system,body-system,1,0,0,404,404,was a 200 long-tail page for crawlers (words match); not a canonical hub → 404 now
/explore-by-body-system/general-physiological-systems,body-system,1,0,0,404,404,was a 200 long-tail page for crawlers (words match); not a canonical hub → 404 now
/explore-by-body-system/hematopoietic-system,body-system,1,0,0,404,404,was a 200 long-tail page for crawlers (words match); not a canonical hub → 404 now
/explore-by-body-system/microbiome,body-system,1,0,0,404,404,was a 200 long-tail page for crawlers (words match); not a canonical hub → 404 now
/explore-by-body-system/motor-function,body-system,1,0,0,404,404,was a 200 long-tail page for crawlers (words match); not a canonical hub → 404 now
/explore-by-body-system/multiple-systems,body-system,1,0,0,404,404,was a 200 long-tail page for crawlers (words match); not a canonical hub → 404 now
/explore-by-body-system/oncology,body-system,1,0,0,404,404,was a 200 long-tail page for crawlers (words match); not a canonical hub → 404 now
/explore-by-body-system/photosynthetic-system,body-system,1,0,0,404,404,was a 200 long-tail page for crawlers (words match); not a canonical hub → 404 now
/explore-by-condition/acute-necrotizing-pancreatitis,condition,1,0,0,404,404,already a hard 404 for crawlers (no health_conditions row); now 404 for browsers too
/explore-by-condition/aging-related-disorders,condition,1,0,0,404,404,already a hard 404 for crawlers (no health_conditions row); now 404 for browsers too
/explore-by-condition/bronchiolitis-obliterans-syndrome,condition,1,0,0,404,404,already a hard 404 for crawlers (no health_conditions row); now 404 for browsers too
/explore-by-condition/cancer-multiple-types,condition,1,0,0,404,404,already a hard 404 for crawlers (no health_conditions row); now 404 for browsers too
/explore-by-condition/chronic-intermittent-hypoxia,condition,1,0,0,404,404,already a hard 404 for crawlers (no health_conditions row); now 404 for browsers too
/explore-by-condition/chronic-periodontitis,condition,1,0,0,404,404,already a hard 404 for crawlers (no health_conditions row); now 404 for browsers too
/explore-by-condition/general-medical-applications,condition,1,0,0,404,404,already a hard 404 for crawlers (no health_conditions row); now 404 for browsers too
/explore-by-condition/glioblastoma-multiforme,condition,1,0,0,404,404,already a hard 404 for crawlers (no health_conditions row); now 404 for browsers too
/explore-by-condition/mountain-sickness,condition,1,0,0,404,404,already a hard 404 for crawlers (no health_conditions row); now 404 for browsers too
/explore-by-condition/neonatal-hypoxic-ischemic-encephalopathy-hie,condition,1,0,0,404,404,already a hard 404 for crawlers (no health_conditions row); now 404 for browsers too
/explore-by-condition/premature-ovarian-failure,condition,1,0,0,404,404,already a hard 404 for crawlers (no health_conditions row); now 404 for browsers too
/explore-by-condition/second-degree-burns,condition,1,0,0,404,404,already a hard 404 for crawlers (no health_conditions row); now 404 for browsers too
/explore-by-condition/sepsis-associated-encephalopathy,condition,1,0,0,404,404,already a hard 404 for crawlers (no health_conditions row); now 404 for browsers too
/explore-by-condition/systemic-pathological-conditions,condition,1,0,0,404,404,already a hard 404 for crawlers (no health_conditions row); now 404 for browsers too
/explore-by-condition/testicular-torsion,condition,1,0,0,404,404,already a hard 404 for crawlers (no health_conditions row); now 404 for browsers too
/explore-by-condition/unstable-angina,condition,1,0,0,404,404,already a hard 404 for crawlers (no health_conditions row); now 404 for browsers too
/explore-by-condition/allodynia,condition,0,0,1,404,404,blog content (1x): how-to-use-hydrogen-water-for-spine-pain-a-science-backed-guide-855883; already a hard 404 for crawlers (no health_conditions row); now 404 for browsers too; no equivalent hub — suggest unlinking in the article(s)
/explore-by-condition/cancer,condition,0,0,2,404,404,blog content (2x): how-to-use-hydrogen-water-for-cancer-support-a-science-backed-guide-529960 hydrogen-water-general-health-your-questions-answered-180766; already a hard 404 for crawlers (no health_conditions row); now 404 for browsers too; no equivalent hub — suggest unlinking in the article(s)
/explore-by-condition/chemotherapy-complications,condition,0,0,1,404,404,blog content (1x): how-to-use-hydrogen-water-for-cancer-support-a-science-backed-guide-529960; already a hard 404 for crawlers (no health_conditions row); now 404 for browsers too; no equivalent hub — suggest unlinking in the article(s)
/explore-by-condition/chronic-pain,condition,0,0,1,404,404,blog content (1x): how-to-use-hydrogen-water-for-spine-pain-a-science-backed-guide-855883; already a hard 404 for crawlers (no health_conditions row); now 404 for browsers too; no equivalent hub — suggest unlinking in the article(s)
/explore-by-condition/myelosuppression,condition,0,0,1,404,404,blog content (1x): hydrogen-water-health-benefits-for-arthritis-your-questions-answered-290536; already a hard 404 for crawlers (no health_conditions row); now 404 for browsers too; no equivalent hub — suggest unlinking in the article(s)
/explore-by-condition/organ-aging,condition,0,0,1,404,404,blog content (1x): how-to-use-hydrogen-water-for-anti-aging-a-science-backed-guide-617073; already a hard 404 for crawlers (no health_conditions row); now 404 for browsers too; no equivalent hub — suggest unlinking in the article(s)
/explore-by-delivery-method/tablets,delivery-method,0,0,0,404,404,curated slug with 0 studies (never linked)
/explore-by-demographic/xyzzy,demographic,0,0,0,404,404,
