n,pmid,doi,first_author,year,design,n_participants,duration,delivery_dose,sleep_outcome,cited_where,our_study_path,our_study_url_status,verified_via
1,40731927,10.3390/medicina61071299,Todorovic N,2025,Randomized double-blind placebo-controlled parallel (NCT06722326),"36 adults with obesity randomized per abstract (35 analyzed per full text; 18 HRW, 17 placebo)",8 weeks,"1.0 L/day HRW in 3 x 333 mL servings (morning, early afternoon, before dinner), 5 mg H2 per serving = 15 mg/day; placebo tap water 0 mg",PSQI (secondary outcome; primary = food cravings). Total PSQI improved within BOTH groups; time x treatment interaction significant only for the 'subjective sleep quality' component (p=0.05); no multiple-testing correction (stated). Drinks supplied by Natural Wellness Now Health Products Inc.; co-author A. Tarnava affiliated with that company. No severe adverse effects.,"Drinking; Doses (timing); What we don't know (placebo improved, independence, safety); FAQ 1",/study/the-effects-of-8-week-hydrogen-rich-water-consumption-on-appetite-body-composition-sleep-quality-and-circulating-glucagon-like-peptide-1-in-obese-men-and-women-hydrappet-a-randomized-controlled-trial-1775650467179,200 Googlebot / 200 Chrome (2026-09-28),PubMed metadata + PMC full text (PMC12300559)
2,40525414,10.1080/15438627.2025.2521474,Kuzmanovic J,2025,Randomized double-blind placebo-controlled parallel pilot,27 adults >50 (18 women; mean age 57.6),6 weeks,"HRW 12 mg H2 per serving, twice daily (24 mg/day); control <0.1 ppm","Sleep quality secondary; HRW 'tended to outcompete placebo' (p=0.119, not significant). Sleep instrument not stated in abstract (no PMC full text). Co-author A. Tarnava affiliated with Natural Wellness Now Health Products Inc.",Drinking; Doses; What we don't know (independence); FAQ 1,/study/the-effects-of-drinking-hydrogen-rich-water-for-six-weeks-on-exercise-related-biomarkers-in-exercise-naive-men-and-women-over-50-years-following-resistance-training-program-a-randomized-controlled-pilot-trial-1775650467178,200 Googlebot / 200 Chrome (2026-09-28),PubMed metadata (abstract)
3,34601077,10.1016/j.exger.2021.111574,Zanini D,2021,"Randomized controlled pilot, parallel (NCT04430803)",40 adults aged 70+ (20 women; mean age 76),6 months,0.5 L/day HRW at 15 ppm (~7.5 mg/day) vs 0 ppm control drink,"'Sleep outcomes' listed among measures; no significant between-group differences for outcomes other than telomere length, TET2, brain metabolites and chair stand (P>0.05). Sleep instrument not in abstract.",Drinking; Doses; What we don't know (independence); FAQ 1,/study/the-effects-of-6-month-hydrogen-rich-water-intake-on-molecular-and-phenotypic-biomarkers-of-aging-in-older-adults-aged-70-years-and-over-a-randomized-controlled-pilot-trial-1775650467164,200 Googlebot / 200 Chrome (2026-09-28),PubMed metadata (abstract)
4,29497485,10.4103/2045-9912.222448,Mizuno K,2018,Randomized double-blind placebo-controlled 2-way crossover (UMIN000022382),"31 enrolled, 26 analyzed healthy adults aged 20-49 (13 F, 13 M)","4 weeks per arm, 4-week washout","600 mL/day (300 mL at breakfast and dinner), HRW 0.8-1.2 ppm vs same mineral water 0 ppm",PSQI fell within the HRW period (pre vs post) but post-treatment scores did NOT differ between HRW and placebo; Epworth sleepiness unchanged; diary sleep times comparable. Between-condition effects only for K6 mood/anxiety and resting sympathetic activity.,Drinking; Doses (timing); FAQ 1,/study/hydrogen-rich-water-for-improvements-of-mood-anxiety-and-autonomic-nerve-function-in-daily-life-1775650467142,200 Googlebot / 200 Chrome (2026-09-28),PubMed metadata + PMC full text (PMC5806445)
5,38794767,10.3390/nu16101529,Tan Y,2024,Randomized single-blind placebo-controlled parallel pilot,"32 adults with long COVID (16 HRW, 16 placebo); sleep subgroup 19 (9 HRW, 10 PW)",14 days,500 mL twice daily (1 L/day) of 1.6 ppm HRW (electrolysis device) vs pure water,PSQI analyzed only in exploratory subgroup of 19 with difficulty sleeping: mixed-model interaction p=0.064 (NS); percent change in PSQI favored HRW p=0.012 (d=1.27; reported 95% CI -5.169 to 0.742 crosses zero). Assessors not blinded.,Drinking; Doses; FAQ 1,/study/the-effect-of-14-day-consumption-of-hydrogen-rich-water-alleviates-fatigue-but-does-not-ameliorate-dyspnea-in-long-covid-patients-a-pilot-single-blind-and-randomized-controlled-trial-1775650467172,200 Googlebot / 200 Chrome (2026-09-28),PubMed metadata + PMC full text (PMC11123997)
6,40826930,10.4103/mgr.MEDGASRES-D-25-00020,Gao YH,2025,"Randomized single-blind controlled (ChiCTR2400084103; registration number suggests 2024, after the 2022-23 trial - unverified)","66 adults with chronic insomnia (ICSD-3), PSQI >7, no sleep/anti-anxiety meds; 25 air vs 41 H2-O2 (unequal); actigraphy analyzed in 60; ages 32-85",7 days,"66.7% H2 / 33.3% O2 at 60 mL/min via nasal tube, 1 h twice daily, finished 2 h before bed (Jinkai Instrument device); control = air","Actiwatch: total sleep time higher and wake time lower vs control; sleep efficiency NOT different between groups (within-group only). PSQI and SDS (depression) lower vs control at day 7; SAS (anxiety) not different. Two of four authors (Zhong H, Zhao Q) affiliated with Jinkai Instrument (Dalian) Co., the device maker. No adverse-event reporting.","Evidence at a glance; Inhaled; Doses; What we don't know; FAQ 2, 3, 4",/study/effect-of-hydrogen-oxygen-inhalation-on-sleep-disorders-and-abnormal-mood-a-single-blind-randomized-controlled-trial-1775650467179,200 Googlebot / 200 Chrome (2026-09-28),PubMed metadata + PMC full text (PMC12413883)
7,39099781,10.3389/fneur.2024.1413904,Wu F,2024,"Randomized controlled, single center (ChiCTR2300074362)","89 randomized, 75 analyzed glioma surgery patients (38 H2, 37 control)",From admission to discharge (~2 weeks),66.7% H2 / 33.3% O2 by nasal cannula >2 h/day vs 33.3% oxygen,Secondary: SC-500 sleep monitor. No difference D1 and D3; H2 group higher deep sleep D2; longer sleep duration and higher efficiency D4 and D5; shorter latency D5. Primary outcome brain edema.,Inhaled (after surgery); What we don't know (device-measured sleep),/study/effects-of-perioperative-hydrogen-inhalation-on-brain-edema-and-prognosis-in-patients-with-glioma-a-single-center-randomized-controlled-study-1775650467174,200 Googlebot / 200 Chrome (2026-09-28),PubMed metadata + PMC full text (PMC11294077)
8,36675728,10.3390/jpm13010067,Lin H,2022,Randomized double-blind controlled (ChiCTR2100043260),"170 randomized, 153 analyzed adults >=65 having elective noncardiac surgery (83 H2, 70 control)",Perioperative (1 h before anesthesia + 1 h after surgery); sleep followed 7 days,66.7% H2 / 33.3% O2 by nasal cannula vs 33.3% oxygen,"Additional outcome: subjective sleep quality (0-10 NRS) at 1, 3, 7 days - no significant difference between groups. Hypoxemia during inhalation in PACU 7% (6) H2 vs 3% (2) control.",Inhaled (after surgery); What we don't know (safety),/study/hydrogen-gas-treatment-improves-postoperative-delirium-and-cognitive-dysfunction-in-elderly-noncardiac-patients-1775650467169,200 Googlebot / 200 Chrome (2026-09-28),PubMed metadata + PMC full text (PMC9867387)
9,42509250,10.1038/s41598-026-52342-9,Higashikawa F,2026,Randomized double-blind placebo-controlled parallel (UMIN000053237),44 healthy adults aged 20-75 with poor sleep quality (OSA-MA <45); 22 per group; no dropouts,8 weeks,Hydrogen-rich jelly 0.3 mg H2 x 3/day = 0.9 mg/day vs identical air-filled placebo jelly (supplied by Shinryo Corporation),"Primary OSA-MA and secondary VAS, PSQI, STAI: no significant between-group differences; both groups improved within-group. Exploratory: group x H2-producing-bacteria interaction for VAS sleep quality and mental stress (lower baseline H2 producers improved more). No safety issues.",Evidence at a glance; Other (jelly); Doses; What we don't know; FAQ 1,/study/individual-variability-in-hydrogen-producing-microbes-influences-the-response-to-hydrogen-supplementation-on-sleep-quality-a-randomized-double-blind-placebo-controlled-parallel-study-1785513615619,200 Googlebot / 200 Chrome (2026-09-28),PubMed metadata + PMC full text (PMC13407900)
10,38264142,10.1093/sleepadvances/zpad057,Vincent SM,2023,Animal (C57BL/6J mice) with EEG/EMG,Adult mice (n not in abstract),7 days ad libitum,HRW 0.7-1.4 mM vs regular water,"HRW increased sleep consolidation in undisturbed mice; increased NREM and REM sleep after sleep deprivation; shortened time to fall asleep after light onset; altered cFos in sleep-related regions. Co-authors: A. Tarnava (Natural Wellness Now Health Products Inc.), T.W. LeBaron (Molecular Hydrogen Institute).",What animal studies suggest,/study/hydrogen-rich-water-improves-sleep-consolidation-and-enhances-forebrain-neuronal-activation-in-mice-1775650467171,200 Googlebot / 200 Chrome (2026-09-28),PubMed metadata (abstract)
-,30713669,10.4103/2045-9912.248267,Tanaka Y,2019,Randomized double-blind (UMIN000031800),60 healthy adults (30/30),4 weeks,">=500 mL/day alkaline electrolyzed water pH 9.2, ~0.2 mg/L H2 vs purified water",Single 3-point sleep item; within-group pre/post only (AEW p<0.01); no between-group test. Alkaline confound. First two authors Panasonic.,NOT CITED (cut for length); flagged: DB plain_language_title overclaims,/study/daily-ingestion-of-alkaline-electrolyzed-water-containing-hydrogen-influences-human-health-including-gastrointestinal-symptoms-1775650467139,200/200,PMC full text (PMC6352572)
-,41622598,10.1002/cns.70770,Xiao Q,2026,"Animal (mice), chronic sleep deprivation",10/group,28 days SD; H2 last 7 days,66.7% H2/33.3% O2 inhalation 3 h twice daily,"Improved memory tests, lower brain inflammation; sleep not measured",NOT CITED (cut for length),/study/hydrogen-mediated-activation-of-the-nrf2ho-1-signaling-pathway-improves-cognitive-impairment-in-sleep-deprived-mice-1775650467183,200/200,PMC full text (PMC12862102)
-,41376930,10.21037/jtd-2025-1345,Chen Q,2025,Cell + rat model of OSA (intermittent hypoxia),rats (n not in abstract),4 weeks,2% H2 inhalation 1 h/day,Less endothelial dysfunction/oxidative stress; not a sleep outcome,NOT CITED (cut for length),/study/hydrogen-rescues-vascular-endothelial-cells-in-obstructive-sleep-apnea-hypopnea-syndrome-by-modulating-nitric-oxide-1775650467182,200/200,PubMed metadata (abstract)
-,34532023,10.1002/fsn3.2480,Todorovic N,2021,Randomized crossover,16 young adults after 24 h sleep deprivation,single dose,HRW 8 ppm vs caffeine 50 mg vs combo vs tap water,"Alertness/attention tests, not sleep quality","NOT CITED (alertness, not sleep)",/study/hydrogen-rich-water-and-caffeine-for-alertness-and-brain-metabolism-in-sleep-deprived-habitual-coffee-drinkers-1775650467164,n/c,PubMed metadata (abstract)
-,42436242,10.1038/s41598-026-61287-y,Ji S,2026,Randomized double-blind,150 day-surgery patients,perioperative,66.7% H2 gas vs 66.7% N2,Sleep only as exploratory 'descriptive trend',NOT CITED (sleep exploratory only),/study/the-impact-of-perioperative-hydrogen-gas-inhalation-on-postoperative-recovery-in-day-surgery-patients-a-research-study-1785513615619,n/c,PubMed metadata (abstract)
-,41915304,10.1007/s12035-026-05824-w,Cui C,2026,Narrative review,-,-,-,Says evidence inconsistent; no data hydrogen beats CBT-I/CPAP,NOT CITED (review; point made without citation),/study/hydrogen-as-a-potential-modulator-implications-for-mast-cell-sleep-wake-rhythm-melatonin-interactions-in-sleep-disorders-1777577956395,n/c,PubMed metadata (abstract)
-,32220191,10.12182/20200360103,Zhao Y,2020,"Animal (mice), Chinese-language",-,1-5 days,H2 24-26 mL/L inhalation,Pentobarbital sleep-time test,NOT CITED (not in our DB; Chinese-language),,-,PubMed metadata (abstract)
