class,kind,handle,n_instances,sentence,urls
A,hydrogen/wellness,10-natural-benefits-of-hydrogen-water-for-health-and-wellness,1,"By mitigating anxiety symptoms and fostering relaxation, this form of water intake promotes general well-being as well as mental health stability.",https://echowater.com/blogs/blog/10-natural-benefits-of-hydrogen-water-for-health-and-wellness
A,hydrogen/wellness,10-natural-benefits-of-hydrogen-water-for-health-and-wellness,1,"By dampening caspase-1 activity and calming inflammasome activation, consuming hydrogen-infused water fosters an environment conducive to managing anxiety more effectively.",https://echowater.com/blogs/blog/10-natural-benefits-of-hydrogen-water-for-health-and-wellness
A,hydrogen/wellness,10-natural-benefits-of-hydrogen-water-for-health-and-wellness,1,The capacity of hydrogen-enriched water to alleviate inflammation has been shown to decrease signs of inflammatory ailments like arthritis due to its anti-inflammatory attributes.,https://echowater.com/blogs/blog/10-natural-benefits-of-hydrogen-water-for-health-and-wellness
A,hydrogen/wellness,10-natural-benefits-of-hydrogen-water-for-health-and-wellness,1,"By improving sensitivity to insulin and helping control levels of blood glucose, hydrogen-rich water can be a supportive element in the management of diabetes.",https://echowater.com/blogs/blog/10-natural-benefits-of-hydrogen-water-for-health-and-wellness
A,hydrogen/wellness,10-natural-benefits-of-hydrogen-water-for-health-and-wellness,1,"It offers a wide range of advantages, including alleviating symptoms of anxiety, uplifting mood, safeguarding against cognitive decline, and bolstering cardiovascular health.",https://echowater.com/blogs/blog/10-natural-benefits-of-hydrogen-water-for-health-and-wellness
A,hydrogen/wellness,could-hydrogen-water-treat-mountain-sickness,1,How Hydrogen Water Can Treat Mountain Sickness,https://echowater.com/blogs/blog/could-hydrogen-water-treat-mountain-sickness
A,hydrogen/wellness,could-hydrogen-water-treat-mountain-sickness,1,"However, because oxidative stress is linked to mountain sickness, it’s a rational conclusion that hydrogen water would be an effective treatment for it.",https://echowater.com/blogs/blog/could-hydrogen-water-treat-mountain-sickness
A,hydrogen/wellness,hydrogen-enriched-water-for-pets,1,"Hydrogen water can reduce inflammation, which can benefit pets with allergies or joint problems.",https://echowater.com/blogs/blog/hydrogen-enriched-water-for-pets
A,hydrogen/wellness,the-healing-power-of-hydrogen-a-natural-way-to-boost-your-immune-system,1,Studies on conditions like COVID-19 found that hydrogen water may calm an overactive immune response—helping prevent the body from doing more harm than the virus itself.,https://echowater.com/blogs/blog/the-healing-power-of-hydrogen-a-natural-way-to-boost-your-immune-system
A,hydrogen/wellness,the-truth-about-mitochondria-restoration-how-hydrogen-water-can-help,1,"Because of this, scientists have found that it can be an effective treatment for a variety of conditions including metabolic syndrome, chronic fatigue syndrome, diabetes, cognitive decline, and more.",https://echowater.com/blogs/blog/the-truth-about-mitochondria-restoration-how-hydrogen-water-can-help
A,hydrogen/wellness,what-is-hydrogen-water,1,One of the main health benefits is protection from cardiovascular disease.,https://echowater.com/blogs/blog/what-is-hydrogen-water
A,hydrogen/wellness,what-is-hydrogen-water,1,Drinking Hydrogen Water To Treat Interstitial Lung Disease,https://echowater.com/blogs/blog/what-is-hydrogen-water
A,hydrogen/wellness,what-is-hydrogen-water,1,This has been an effective treatment for cognitive decline that is associated with the disease.,https://echowater.com/blogs/blog/what-is-hydrogen-water
A,hydrogen/wellness,what-is-hydrogen-water,1,Hydrogen Gas As Treatment For Chronic Fatigue,https://echowater.com/blogs/blog/what-is-hydrogen-water
A,hydrogen/wellness,why-everyone-is-talking-about-hydrogen-water-just-ingredients-dr-paul-barattiero,1,"Within two weeks of drinking Echo Water consistently, many people with gluten intolerance, dairy sensitivity, and food allergies find their symptoms resolve — not because the water ""cures"" anything, but because the terrain has shifted back to one where the right bacteria can flourish.",https://echowater.com/blogs/blog/why-everyone-is-talking-about-hydrogen-water-just-ingredients-dr-paul-barattiero
A,hydrogen/wellness,why-everyone-is-talking-about-hydrogen-water-just-ingredients-dr-paul-barattiero,1,"Metabolic health: 77 studies on hydrogen and diabetes, with 80–85% normalization rates across various trial lengths.",https://echowater.com/blogs/blog/why-everyone-is-talking-about-hydrogen-water-just-ingredients-dr-paul-barattiero
A,hydrogen/wellness,why-everyone-is-talking-about-hydrogen-water-just-ingredients-dr-paul-barattiero,1,Rheumatoid arthritis: Studies showed no recurrence of joint issues after hydrogen intervention.,https://echowater.com/blogs/blog/why-everyone-is-talking-about-hydrogen-water-just-ingredients-dr-paul-barattiero
A,hydrogen/wellness,why-everyone-is-talking-about-hydrogen-water-just-ingredients-dr-paul-barattiero,1,Longevity: Hydrogen lengthens telomeres in healthy cells (supporting proper cell replication) while shortening them in cancer cells (preventing abnormal replication).,https://echowater.com/blogs/blog/why-everyone-is-talking-about-hydrogen-water-just-ingredients-dr-paul-barattiero
A,hydrogen/wellness,why-everyone-is-talking-about-hydrogen-water-just-ingredients-dr-paul-barattiero,1,"Skin: Hydrogen baths have shown results for eczema, psoriasis, cystic acne, and collagen production — sometimes within a single bath.",https://echowater.com/blogs/blog/why-everyone-is-talking-about-hydrogen-water-just-ingredients-dr-paul-barattiero
A,hydrogen/wellness,why-everyone-is-talking-about-hydrogen-water-just-ingredients-dr-paul-barattiero,1,"Inhalation Units — for respiratory support, long COVID, and cytokine storm recovery; 11 studies and counting",https://echowater.com/blogs/blog/why-everyone-is-talking-about-hydrogen-water-just-ingredients-dr-paul-barattiero
A,newsroom,echo-hydrogen-water-featured-in-heal-thyself-podcast,1,"Others include more efficiency in your body’s energy production, improved cognitive function, and it can even be an effective treatment for certain types of cancer.",https://echowater.com/blogs/newsroom/echo-hydrogen-water-featured-in-heal-thyself-podcast
A,newsroom,the-lyme-boss-podcast,1,"It can help with conditions like high blood pressure, diabetes, Parkinson's, Alzheimer's, cancer, and even telomere lengthening.",https://echowater.com/blogs/newsroom/the-lyme-boss-podcast
A,page,drfab,1,"At HydrogenStudies.com there are 1000+ studies showing hydrogen to be exert disease modifying effects with hundreds of Diseases including cancer, diabetes, Parkinsons, Rhuematoid Arthritis, and many more.",https://echowater.com/pages/drfab
A,page,echoh2water,1,"As a selective antioxidant, hydrogen water has been proven to improve mental clarity, prevent cognitive illness, reduce oxidative stress and inflammation, boost mental focus and clarity, and help with mental illnesses.",https://echowater.com/pages/echoh2water
A,page,echoh2water,1,"By neutralizing harmful free radicals and oxidative stress, which is the leading cause of disease, hydrogen water has been proven to help regulate heart disease, diabetes, reduce wrinkles and skin issues, and speed up wound healing.",https://echowater.com/pages/echoh2water
B,hydrogen/wellness,10-natural-benefits-of-hydrogen-water-for-health-and-wellness,1,"Research has explored the benefits of hydrogen water on mental health, particularly as a natural remedy for anxiety.",https://echowater.com/blogs/blog/10-natural-benefits-of-hydrogen-water-for-health-and-wellness
B,hydrogen/wellness,10-natural-benefits-of-hydrogen-water-for-health-and-wellness,1,The antioxidant and anti-inflammatory effects of hydrogen water may contribute to reducing anxiety symptoms and elevating one’s mood.,https://echowater.com/blogs/blog/10-natural-benefits-of-hydrogen-water-for-health-and-wellness
B,hydrogen/wellness,10-natural-benefits-of-hydrogen-water-for-health-and-wellness,1,"Let's examine the potential of hydrogen water in mitigating symptoms of anxiety, bettering mood and life quality, as well as boosting resistance to stress.",https://echowater.com/blogs/blog/10-natural-benefits-of-hydrogen-water-for-health-and-wellness
B,hydrogen/wellness,10-natural-benefits-of-hydrogen-water-for-health-and-wellness,1,Hydrogen water is drawing scientific interest for its capacity to diminish symptoms associated with anxiety.,https://echowater.com/blogs/blog/10-natural-benefits-of-hydrogen-water-for-health-and-wellness
B,hydrogen/wellness,10-natural-benefits-of-hydrogen-water-for-health-and-wellness,1,Hydrogen water’s impact on the HPA axis—a neural network closely associated with handling stress—suggests it has a positive role in enhancing resistance to anxiety symptoms.,https://echowater.com/blogs/blog/10-natural-benefits-of-hydrogen-water-for-health-and-wellness
B,hydrogen/wellness,10-natural-benefits-of-hydrogen-water-for-health-and-wellness,1,"Such enhancements in cognition are notably evident in research involving models of cerebral ischemia, where the consumption of hydrogen water has been effective in mitigating oxidative stress and augmenting brain health.",https://echowater.com/blogs/blog/10-natural-benefits-of-hydrogen-water-for-health-and-wellness
B,hydrogen/wellness,10-natural-benefits-of-hydrogen-water-for-health-and-wellness,1,We will next explore how drinking hydrogen-infused water may prevent cognitive decline and facilitate neurogenesis—the development of new neurons.,https://echowater.com/blogs/blog/10-natural-benefits-of-hydrogen-water-for-health-and-wellness
B,hydrogen/wellness,10-natural-benefits-of-hydrogen-water-for-health-and-wellness,1,"Hydrogen-rich water can prevent synaptic loss and neuronal death, particularly in models of Alzheimer’s disease.",https://echowater.com/blogs/blog/10-natural-benefits-of-hydrogen-water-for-health-and-wellness
B,hydrogen/wellness,10-natural-benefits-of-hydrogen-water-for-health-and-wellness,1,"By fostering the growth of new neurons, this type of water may help preserve brain functionality and mental skills, thus providing potential defensive benefits against disorders such as Alzheimer’s disease.",https://echowater.com/blogs/blog/10-natural-benefits-of-hydrogen-water-for-health-and-wellness
B,hydrogen/wellness,10-natural-benefits-of-hydrogen-water-for-health-and-wellness,1,"Hydrogen water is thought to shield cardiovascular health by counteracting oxidative stress and reducing inflammation, which may in turn reduce the likelihood of developing heart disease.",https://echowater.com/blogs/blog/10-natural-benefits-of-hydrogen-water-for-health-and-wellness
B,hydrogen/wellness,10-natural-benefits-of-hydrogen-water-for-health-and-wellness,1,Hydrogen Water and Chronic Diseases,https://echowater.com/blogs/blog/10-natural-benefits-of-hydrogen-water-for-health-and-wellness
B,hydrogen/wellness,10-natural-benefits-of-hydrogen-water-for-health-and-wellness,1,The advantages of hydrogen water in the control of chronic illnesses have garnered considerable attention from healthcare professionals.,https://echowater.com/blogs/blog/10-natural-benefits-of-hydrogen-water-for-health-and-wellness
B,hydrogen/wellness,10-natural-benefits-of-hydrogen-water-for-health-and-wellness,1,These studies show promise with the possibility that hydrogen water can assist in diabetes management and enhance heart health.,https://echowater.com/blogs/blog/10-natural-benefits-of-hydrogen-water-for-health-and-wellness
B,hydrogen/wellness,10-natural-benefits-of-hydrogen-water-for-health-and-wellness,1,Managing Diabetes,https://echowater.com/blogs/blog/10-natural-benefits-of-hydrogen-water-for-health-and-wellness
B,hydrogen/wellness,10-natural-benefits-of-hydrogen-water-for-health-and-wellness,1,Therapy involving water enriched with hydrogen has demonstrated potential benefits in increasing insulin amounts and promoting better expression of insulin receptors in models related to diabetes.,https://echowater.com/blogs/blog/10-natural-benefits-of-hydrogen-water-for-health-and-wellness
B,hydrogen/wellness,10-natural-benefits-of-hydrogen-water-for-health-and-wellness,1,"Research indicates that drinking hydrogen-infused water could help stabilize sugar levels in the bloodstream and increase the efficiency of insulin, thereby potentially aiding those managing their diabetic condition.",https://echowater.com/blogs/blog/10-natural-benefits-of-hydrogen-water-for-health-and-wellness
B,hydrogen/wellness,10-natural-benefits-of-hydrogen-water-for-health-and-wellness,1,"Consequently, this positions hydrogen-enriched water as a possible adjunctive therapy for individuals with diabetes.",https://echowater.com/blogs/blog/10-natural-benefits-of-hydrogen-water-for-health-and-wellness
B,hydrogen/wellness,10-natural-benefits-of-hydrogen-water-for-health-and-wellness,1,Current scientific inquiry into hydrogen-rich water includes its potential role in aiding cancer treatments and enhancing patient outcomes as well as its possible preventive applications concerning cognitive decline and various neurological disorders.,https://echowater.com/blogs/blog/10-natural-benefits-of-hydrogen-water-for-health-and-wellness
B,hydrogen/wellness,a-health-hack-you-can-sink-your-teeth-into,1,"So, instead of using a store-bought mouthwash that burns your mouth off, this study shows that you can use hydrogen water to achieve the same results.",https://echowater.com/blogs/blog/a-health-hack-you-can-sink-your-teeth-into
B,hydrogen/wellness,a-health-hack-you-can-sink-your-teeth-into,1,"Indirect Impact on Gum Health: While EHW doesn’t directly target gum disease itself, reducing cariogenic bacteria indirectly benefits periodontal tissues.",https://echowater.com/blogs/blog/a-health-hack-you-can-sink-your-teeth-into
B,hydrogen/wellness,are-hydrogen-water-bottles-legit,1,May prevent neuronal death in people with Alzheimer’s.,https://echowater.com/blogs/blog/are-hydrogen-water-bottles-legit
B,hydrogen/wellness,can-oxidative-stress-be-reversed-research-treatments,1,"Metabolic health: studies have shown improvements in insulin sensitivity, blood pressure, and lipid levels in people with metabolic syndrome",https://echowater.com/blogs/blog/can-oxidative-stress-be-reversed-research-treatments
B,hydrogen/wellness,could-hydrogen-water-treat-mountain-sickness,1,There is a third option that might be able to help prevent mountain sickness.,https://echowater.com/blogs/blog/could-hydrogen-water-treat-mountain-sickness
B,hydrogen/wellness,deep-sea-diving-can-hydrogen-reduce-decompression-sickness,1,"It’s called decompression sickness or the bends, and it’s something that hydrogen might be able to alleviate.",https://echowater.com/blogs/blog/deep-sea-diving-can-hydrogen-reduce-decompression-sickness
B,hydrogen/wellness,does-hydrogen-water-work,1,"A study conducted by Frontiers in Physiology showed that hydrogen water could reduce inflammation markers in the body, particularly in those suffering from conditions like rheumatoid arthritis and other inflammatory diseases.",https://echowater.com/blogs/blog/does-hydrogen-water-work
B,hydrogen/wellness,does-hydrogen-water-work,1,A study in Medical Gas Research highlighted that hydrogen water could improve cognitive function and protect against neurodegenerative diseases by reducing oxidative damage in the brain.,https://echowater.com/blogs/blog/does-hydrogen-water-work
B,hydrogen/wellness,drinking-hydrogen-water-days-14-30,1,"Now, this isn’t us saying that after 28 days of hydrogen water, you’ll be cured of NAFLD, but it is a start.",https://echowater.com/blogs/blog/drinking-hydrogen-water-days-14-30
B,hydrogen/wellness,drinking-hydrogen-water-days-14-30,1,Hydrogen Can Slow Down Age-Related Cognitive Decline,https://echowater.com/blogs/blog/drinking-hydrogen-water-days-14-30
B,hydrogen/wellness,drinking-hydrogen-water-days-14-30,1,"However, these two studies taken together helps us understand that you may be able to slow down cognitive decline within one month of drinking hydrogen water.",https://echowater.com/blogs/blog/drinking-hydrogen-water-days-14-30
B,hydrogen/wellness,drinking-hydrogen-water-days-7-14,1,"Going along with that last benefit, getting hydrogen into your body over a span of two weeks may lower your blood pressure, especially if you have hypertension.",https://echowater.com/blogs/blog/drinking-hydrogen-water-days-7-14
B,hydrogen/wellness,echo-ceo-josh-carr,1,He did it after a diabetes diagnosis forced him to confront something most people never want to admit: you can't pharmaceutical your way to health.,https://echowater.com/blogs/blog/echo-ceo-josh-carr
B,hydrogen/wellness,fight-back-against-allergies-by-reducing-your-oxidative-stress,1,You Can Fight Back Against Allergies by Reducing Oxidative Stress,https://echowater.com/blogs/blog/fight-back-against-allergies-by-reducing-your-oxidative-stress
B,hydrogen/wellness,fight-back-against-allergies-by-reducing-your-oxidative-stress,1,…may help your body respond more efficiently during allergy season.,https://echowater.com/blogs/blog/fight-back-against-allergies-by-reducing-your-oxidative-stress
B,hydrogen/wellness,health-benefits-of-hydrogen-water,1,Health Benefit 2: Drinking Hydrogen Water Might Help With Diabetes,https://echowater.com/blogs/blog/health-benefits-of-hydrogen-water
B,hydrogen/wellness,health-benefits-of-hydrogen-water,1,Benefit 3: Hydrogen Water Might Help Fight Obesity,https://echowater.com/blogs/blog/health-benefits-of-hydrogen-water
B,hydrogen/wellness,health-benefits-of-hydrogen-water,1,"However, there are promising studies that show that drinking hydrogen rich water has a lot of health benefits that are helpful in the fight against obesity.",https://echowater.com/blogs/blog/health-benefits-of-hydrogen-water
B,hydrogen/wellness,health-benefits-of-hydrogen-water,1,The scientists behind this study had seen from previous research that hydrogen can be an effective treatment for a variety of metabolic syndrome issues.,https://echowater.com/blogs/blog/health-benefits-of-hydrogen-water
B,hydrogen/wellness,health-benefits-of-hydrogen-water,1,"They concluded that hydrogen water with a high concentration of H2 over a long period of time could be an effective treatment for metabolic syndrome, and it could have some benefits with body composition.",https://echowater.com/blogs/blog/health-benefits-of-hydrogen-water
B,hydrogen/wellness,health-benefits-of-hydrogen-water,1,These results show that hydrogen water could be an effective treatment for cognitive decline due to age.,https://echowater.com/blogs/blog/health-benefits-of-hydrogen-water
B,hydrogen/wellness,how-does-hydrogen-water-help-with-inflammaging,1,These results show that hydrogen water may be an effective treatment of cognitive decline.,https://echowater.com/blogs/blog/how-does-hydrogen-water-help-with-inflammaging
B,hydrogen/wellness,how-hydrogen-therapy-and-hydrogen-rich-water-can-improve-reproductive-health,1,"Similarly, research on PCOS patients suggests that hydrogen-rich water consumption may improve insulin sensitivity and regulate menstrual cycles.",https://echowater.com/blogs/blog/how-hydrogen-therapy-and-hydrogen-rich-water-can-improve-reproductive-health
B,hydrogen/wellness,how-hydrogen-therapy-and-hydrogen-rich-water-can-improve-reproductive-health,1,"If you're interested in trying hydrogen-rich water for PMS or PCOS, consult with your doctor first to discuss if it's right for you.",https://echowater.com/blogs/blog/how-hydrogen-therapy-and-hydrogen-rich-water-can-improve-reproductive-health
B,hydrogen/wellness,how-hydrogen-therapy-and-hydrogen-rich-water-can-improve-reproductive-health,1,These findings suggest hydrogen therapy may offer a way to manage endometriosis symptoms.,https://echowater.com/blogs/blog/how-hydrogen-therapy-and-hydrogen-rich-water-can-improve-reproductive-health
B,hydrogen/wellness,how-hydrogen-therapy-and-hydrogen-rich-water-can-improve-reproductive-health,1,"While cervical cancer remains a serious health concern for women, new research suggests hydrogen (H2) may hold promise as a potential therapeutic approach.",https://echowater.com/blogs/blog/how-hydrogen-therapy-and-hydrogen-rich-water-can-improve-reproductive-health
B,hydrogen/wellness,how-hydrogen-therapy-and-hydrogen-rich-water-can-improve-reproductive-health,1,"While more research is needed, these findings suggest hydrogen-rich water could be a valuable tool for men struggling with infertility, particularly those who may have environmental risk factors.",https://echowater.com/blogs/blog/how-hydrogen-therapy-and-hydrogen-rich-water-can-improve-reproductive-health
B,hydrogen/wellness,how-hydrogen-therapy-and-hydrogen-rich-water-can-improve-reproductive-health,1,"By potentially reducing oxidative stress and cell death in penile tissue, hydrogen-rich water may help improve blood flow and overall erectile function in men with diabetes.",https://echowater.com/blogs/blog/how-hydrogen-therapy-and-hydrogen-rich-water-can-improve-reproductive-health
B,hydrogen/wellness,hydrogen-enriched-water-for-pets,1,Accelerated Wound Healing,https://echowater.com/blogs/blog/hydrogen-enriched-water-for-pets
B,hydrogen/wellness,hydrogen-enriched-water-for-pets,1,"Studies have shown that hydrogen-enriched water promotes skin wound healing in dogs, reduced inflammatory reaction, and shortened wound healing time.",https://echowater.com/blogs/blog/hydrogen-enriched-water-for-pets
B,hydrogen/wellness,hydrogen-water-and-back-to-school,1,"Boosting Immunity, Defending Against Illness:",https://echowater.com/blogs/blog/hydrogen-water-and-back-to-school
B,hydrogen/wellness,hydrogen-water-and-back-to-school,1,"Studies have shown that hydrogen water bolsters immune function, fortifying the body's defenses against infections and illnesses.",https://echowater.com/blogs/blog/hydrogen-water-and-back-to-school
B,hydrogen/wellness,hydrogen-water-vs-alkaline-water,1,"It may be able to reduce BMI, prevent muscular damage from intense workouts, and reduce cognitive decline related to people.",https://echowater.com/blogs/blog/hydrogen-water-vs-alkaline-water
B,hydrogen/wellness,hydrogen-water-vs-alkaline-water,1,There are also promising results in its potential to help with acid reflux disease.,https://echowater.com/blogs/blog/hydrogen-water-vs-alkaline-water
B,hydrogen/wellness,the-plaque-is-only-the-surface-psoriasis-inflammation-and-molecular-hydrogen,1,"Its potential relevance is therefore not that it targets one psoriasis pathway more aggressively, but that it may influence several interacting parts of the inflammatory loop at once.",https://echowater.com/blogs/blog/the-plaque-is-only-the-surface-psoriasis-inflammation-and-molecular-hydrogen
B,hydrogen/wellness,the-surprising-secret-behind-the-world-s-most-popular-healing-springs,1,Harrington Springs has been a destination for those seeking relief from chronic pain and inflammation.,https://echowater.com/blogs/blog/the-surprising-secret-behind-the-world-s-most-popular-healing-springs
B,hydrogen/wellness,webinar-recap-soak-sip-the-real-power-of-hydrogen-water-and-baths,1,"Hydrogen baths can be especially helpful for athletes, individuals with chronic conditions, or those looking to support skin recovery naturally.",https://echowater.com/blogs/blog/webinar-recap-soak-sip-the-real-power-of-hydrogen-water-and-baths
B,hydrogen/wellness,what-is-hydrogen-water,1,Hydrogen Rich Water For Metabolic Syndrome,https://echowater.com/blogs/blog/what-is-hydrogen-water
B,hydrogen/wellness,what-is-hydrogen-water,1,The scientists behind this study concluded that drinking hydrogen water has potential in treating metabolic syndrome.,https://echowater.com/blogs/blog/what-is-hydrogen-water
B,hydrogen/wellness,what-is-hydrogen-water,1,The scientists concluded that hydrogen rich water could have a healing effect on skin that's damaged from radiation --- which could possibly include radiation therapy.,https://echowater.com/blogs/blog/what-is-hydrogen-water
B,hydrogen/wellness,what-is-hydrogen-water,1,This has a lot of potential for slowing down the aging process and fighting various diseases.,https://echowater.com/blogs/blog/what-is-hydrogen-water
B,hydrogen/wellness,what-is-hydrogen-water,1,"Hydrogen water has also shown therapeutic potential in a lot of different areas including ameliorating the harmful effects of radiation therapy, increasing the antioxidant capacity of people with metabolic syndrome, helping people with chronic fatigue syndrome feel better, and so much more!",https://echowater.com/blogs/blog/what-is-hydrogen-water
B,hydrogen/wellness,why-everyone-is-talking-about-hydrogen-water-just-ingredients-dr-paul-barattiero,1,The hydrogen research community has now published studies across more than 200 disease models.,https://echowater.com/blogs/blog/why-everyone-is-talking-about-hydrogen-water-just-ingredients-dr-paul-barattiero
B,hydrogen/wellness,why-everyone-is-talking-about-hydrogen-water-just-ingredients-dr-paul-barattiero,1,"Research on Alzheimer's, bipolar disorder, schizophrenia, autism (linked to low ghrelin secretions), and ADHD points to hydrogen's neuroprotective properties.",https://echowater.com/blogs/blog/why-everyone-is-talking-about-hydrogen-water-just-ingredients-dr-paul-barattiero
B,hydrogen/wellness,why-everyone-is-talking-about-hydrogen-water-just-ingredients-dr-paul-barattiero,1,"Some research is exploring the combination of hydrogen with chemotherapy, with promising results on cancer cell death.",https://echowater.com/blogs/blog/why-everyone-is-talking-about-hydrogen-water-just-ingredients-dr-paul-barattiero
B,newsroom,echo-launches-industry-s-first-smart-hydrogen-bottle-and-app-at-ces-2025,1,"Hydrogen water is a breakthrough therapy offering a powerful solution to reduce oxidative stress, improve cellular health, and to take endurance and recovery to a new level.",https://echowater.com/blogs/newsroom/echo-launches-industry-s-first-smart-hydrogen-bottle-and-app-at-ces-2025
B,newsroom,how-hydrogen-water-helps-prevent-chronic-illness-with-paul-barattiero,1,You'll discover how hydrogen water works in your body to reduce inflammation and oxidative stress—two major contributors to cancer and chronic disease.,https://echowater.com/blogs/newsroom/how-hydrogen-water-helps-prevent-chronic-illness-with-paul-barattiero
B,newsroom,the-lyme-boss-podcast,1,I help them to conquer their brain fog and relieve widespread chronic pain.,https://echowater.com/blogs/newsroom/the-lyme-boss-podcast
B,page,echoh2water,1,Hydrogen and Disease Models,https://echowater.com/pages/echoh2water
B,product,echo-replacement-filters,1,"By thoroughly filtering your water, these filters can reduce your exposure to various toxins that can contribute to a variety of health issues, such as infection, liver and kidney damage, cancer, and more.",https://echowater.com/products/echo-replacement-filters
