keyword	class	volume(latest-month; blank=not pulled, <=40)	ahrefs_traffic	best_position	serp_target_positions_count	best_position_url
echo water	brand (echo)	2000	1053	1	3	https://echowater.com/
echo water bottle	brand (echo)	1500	440	1	7	https://echowater.com/products/echo-flask
hydrogen water machine	commercial product	5500	425	1	2	https://echowater.com/collections/hydrogen-water-machines
hydrogen water bottle	commercial product	6600	319	5	1	https://echowater.com/products/echo-flask
echo go hydrogen water	brand (echo)	800	240	1	8	https://support.echowater.com/hc/en-us/articles/16791847514900-Echo-Go-User-Manual
echowater	brand (echo)	250	165	1	8	https://echowater.com/
best hydrogen water machine	commercial product	1300	152	1	3	https://echowater.com/products/echo-ultimate-hydrogen-water
hydrogen water generator	commercial product	1100	134	1	2	https://echowater.com/collections/hydrogen-water-machines
echo flask	brand (echo)	500	117	1	4	https://echowater.com/products/echo-flask
hydrogen water bottles	commercial product	300	73	1	2	https://echowater.com/products/echo-flask
echo hydrogen water	brand (echo)	200	68	1	9	https://echowater.com/products/echo-flask
echo water filtration	brand (echo)	400	64	2	3	https://echowater.com/Shop
echo water systems	brand (echo)	200	64	1	2	https://echowater.com/Shop
echo water system	brand (echo)	200	61	1	3	https://echowater.com/collections/water-filtration-systems
echo go+ hydrogen water bottle	brand (echo)	250	42	2	2	https://echowater.com/Shop
echo hydrogen	brand (echo)	100	41	1	9	https://echowater.com/collections/all
what is hydrogen water	informational	2700	40	10	1	https://support.echowater.com/hc/en-us/articles/25049436660756-Does-Hydrogen-water-help-with-weight-loss
hydrogen water system	commercial product	200	38	2	1	https://echowater.com/
echo go hydrogen water bottle	brand (echo)	150	38	1	6	https://echowater.com/Shop
echo water filter	brand (echo)	70	37	1	13	https://echowater.com/collections/water-filtration-systems
hydrogen water machines	commercial product	350	34	1	3	https://echowater.com/collections/hydrogen-water-machines
hydrogen infused water bottle	commercial product	150	34	1	2	https://echowater.com/products/echo-flask
echogo+	brand (echo)	40	29	1	3	https://support.echowater.com/hc/en-us/articles/14795087871252-Echo-Go-vs-Echo-Go-Quick-Comparison
echo go	brand (echo)	250	28	4	3	https://support.echowater.com/hc/en-us/articles/33659426173332-Echo-Flask-vs-Echo-Go-Comparison-Table
hydrogen flask	commercial product	150	27	1	3	https://echowater.com/products/echo-flask
echo hydrogen water bottle	brand (echo)	70	27	1	4	https://echowater.com/products/echo-flask
echogo water bottle	brand (echo)	70	27	1	2	https://echowater.com/Shop
echo hydrogen enriched water	brand (echo)	70	25	1	2	https://echowater.com/
echo water filters	brand (echo)	90	24	1	4	https://echowater.com/collections/water-filtration-systems
molecular hydrogen water bottle	commercial product	100	20	1	2	https://echowater.com/products/echo-flask
hydrogen water generator bottle	commercial product	300	19	1	2	https://echowater.com/products/echo-flask
echo bottle	brand (echo)	100	19	1	3	https://echowater.com/products/echo-flask
echo h2 pitcher	brand (echo)	70	19	1	3	https://echowater.com/products/echo-hydrogen-water-pitcher?okeReviewsNextUrl=...(oke reviews pagination param, truncated)&okeReviewsPageNum=5
hydrogen water filter	commercial product	300	18	1	2	https://echowater.com/products/echo-ultimate-hydrogen-water
echo clean	brand (echo)	80	18	1	3	https://support.echowater.com/hc/en-us/articles/23692535548948-Echo-Clean-2024-Model-User-Manual
echo hydrogen water pitcher	brand (echo)	70	18	1	4	https://echowater.com/products/echo-hydrogen-water-pitcher?okeReviewsNextUrl=...(oke reviews pagination param, truncated)&okeReviewsPageNum=5
hydrogen bottled water	commercial product	150	17	1	2	https://echowater.com/products/echo-flask
hydrogen machine	commercial product	600	16	5	2	https://echowater.com/products/echo-ultimate-hydrogen-water
echo water hydrogen	brand (echo)	30	16	1	4	https://echowater.com/
echoh20	brand (echo)	20	16	1	5	https://echowater.com/
hydrogen bath	commercial product	600	15	9	1	https://echowater.com/products/echo-revive
echo filter	brand (echo)	100	15	1	2	https://echowater.com/products/pure-whole-home-water-filter
hydrogen water filtration system	commercial product	90	15	1	3	https://echowater.com/collections/hydrogen-water-machines
echo flask hydrogen water bottle	brand (echo)	70	15	1	2	https://echowater.com/products/echo-flask
hydrogen bottles	commercial product	200	14	4	2	https://echowater.com/products/echo-flask
how long does hydrogen water last	informational	70	14	2	1	https://support.echowater.com/hc/en-us/articles/16948460252436-How-long-does-Hydrogen-last-in-water-How-quickly-do-you-need-to-drink-it
echo go+	brand (echo)	60	14	1	7	https://support.echowater.com/hc/en-us/articles/16791847514900-Echo-Go-User-Manual
dr paul barattiero hydrogen water	other-brand/person	40	14	1	3	https://echowater.com/blogs/blog/why-everyone-is-talking-about-hydrogen-water-just-ingredients-dr-paul-barattiero
echoh2o	brand (echo)	10	14	1	6	https://echowater.com/
molecular hydrogen machine	commercial product	200	13	1	2	https://echowater.com/collections/hydrogen-water-machines
echo h2o	brand (echo)	60	13	1	2	https://echowater.com/
echo go plus	brand (echo)	40	13	1	2	https://echowater.com/Shop
oxygen water bottle	commercial product	250	12	6	1	https://echowater.com/Shop
h2 water bottle	other-brand/person	200	12	4	1	https://echowater.com/products/echo-flask
echo ultimate	brand (echo)	60	12	1	1	https://echowater.com/products/echo-ultimate-hydrogen-water
echogo hydrogen water bottle	brand (echo)	60	12	2	2	https://echowater.com/products/echo-flask
echo hydrogen water system	brand (echo)	30	12	1	6	https://echowater.com/collections/all
hydrogen bottle	commercial product	1300	11	8	1	https://echowater.com/products/echo-flask
echo go water bottle	brand (echo)	50	11	1	4	https://echowater.com/products/echo-flask
echo water filtration system	brand (echo)	40	11	1	6	https://echowater.com/Shop
echo water machine	brand (echo)	30	11	1	9	https://echowater.com/
oxygenated water bottle	commercial product	100	10	1	2	https://echowater.com/products/echo-flask
echo hydrogen bottle	brand (echo)	50	10	1	2	https://echowater.com/products/echo-flask
hydrogen water echo	brand (echo)	30	10	1	9	https://echowater.com/
benefits of hydrogen water	health-benefit info	5700	9	20	1	https://support.echowater.com/hc/en-us/articles/15265777932948-What-are-the-Benefits-of-Hydrogen-Water
how much hydrogen water per day	health-benefit info	700	9	12	1	https://support.echowater.com/hc/en-us/articles/15673740255124-How-Much-Hydrogen-Water-Should-You-Drink-A-Simple-Guide
portable hydrogen water bottle	commercial product	200	9	7	1	https://echowater.com/Shop
hydrogenated water bottle	commercial product	150	9	4	1	https://echowater.com/products/echo-flask
h2 water machine	commercial product	40	9	1	1	https://echowater.com/collections/hydrogen-water-machines
echo h2	brand (echo)	30	9	1	3	https://echowater.com/products/echo-h2-hydrogen-water-machine
echo 20 hydrogen water	brand (echo)	30	9	1	1	https://echowater.com/Shop
hydro water bottle	other-brand/person	1500	8	14	1	https://echowater.com/products/echo-flask
where can i buy hydrogen water	commercial product	250	8	7	1	https://echowater.com/
hydrogen rich water cup	commercial product	150	8	1	2	https://echowater.com/products/echo-flask
hydrogen rich water bottle	commercial product	150	8	1	2	https://echowater.com/products/echo-flask
hydrogen machine for water	commercial product	100	8	1	2	https://echowater.com/products/echo-ultimate-hydrogen-water
echo cleaner	brand (echo)	100	8	6	1	https://support.echowater.com/hc/en-us/articles/23692535548948-Echo-Clean-2024-Model-User-Manual
ionized water bottle	commercial product	90	8	1	2	https://echowater.com/products/echo-flask
echo ultimate hydrogen water machine	brand (echo)	40	8	1	5	https://echowater.com/products/echo-ultimate-hydrogen-water
echo go plus hydrogen water bottle	brand (echo)	30	8	1	3	https://support.echowater.com/hc/en-us/articles/16791847514900-Echo-Go-User-Manual
echo hydrogen water machine	brand (echo)	30	8	1	9	https://echowater.com/collections/all
855 423 3729	brand-support/nav	350	7	11	1	https://support.echowater.com/hc/en-us/articles/33983665710484-How-To-Contact-Affirm
water hydrogenator	commercial product	250	7	8	1	https://echowater.com/collections/hydrogen-water-machines
water hydrogen machine	commercial product	150	7	1	1	https://echowater.com/collections/hydrogen-water-machines
glass hydrogen water bottle	commercial product	80	7	4	1	https://echowater.com/products/echo-flask
water bottle that adds hydrogen	commercial product	70	7	1	2	https://echowater.com/products/echo-flask
best hydrogen water machines	commercial product	70	7	1	2	https://echowater.com/collections/hydrogen-water-machines
echo h20	brand (echo)	20	7	1	6	https://echowater.com/
how to make deuterium depleted water	informational	250	6	9	1	https://support.echowater.com/hc/en-us/articles/20146628245268-Deuterium-Reduction-in-Water-Using-Filters-Containing-Carbon-and-KDF-55
echo warranty claim	brand-support/nav	200	6	8	1	https://support.echowater.com/hc/en-us/articles/32460371263380-How-to-Submit-a-Warranty-Claim
best hydrogen water generator	commercial product	150	6	7	1	https://echowater.com/collections/hydrogen-water-machines
molecular hydrogen water machine	commercial product	100	6	1	2	https://echowater.com/collections/hydrogen-water-machines
buy hydrogen water	commercial product	90	6	1	2	https://echowater.com/
hydrogen water flask	commercial product	90	6	4	1	https://echowater.com/products/echo-flask
hydrogen water jug	commercial product	70	6	4	1	https://echowater.com/Shop
paul barattiero	other-brand/person	60	6	4	1	https://echowater.com/blogs/newsroom/dr-paul-barattiero-unlocks-the-power-of-hydrogen-water
hydrogen water machine price	commercial product	50	6	1	2	https://echowater.com/collections/hydrogen-water-machines
hydrogen waterbottle	commercial product	50	6	1	2	https://echowater.com/products/echo-flask
h2 machine	commercial product	40	6	1	2	https://echowater.com/products/echo-h2-hydrogen-water-machine
hydrogenating water bottle	commercial product	30	6	2	1	https://echowater.com/products/echo-flask
eco hydrogen water	brand (echo)	20	6	1	1	https://echowater.com/collections/all
hydrogenated water machine	commercial product	250	5	10	1	https://echowater.com/collections/hydrogen-water-machines
what is a hydrogen water bottle	informational	200	5	9	1	https://echowater.com/products/echo-flask
water ionizer bottle	commercial product	80	5	1	2	https://echowater.com/products/echo-flask
electrolyzed water machine	commercial product	80	5	5	1	https://echowater.com/products/echo-ultimate-hydrogen-water
can hydrogen water cause diarrhea	disease-claim	80	5	5	1	https://echowater.com/blogs/blog/what-are-the-side-effects-of-drinking-hydrogen-water
hydrogen alkaline water machine	commercial product	60	5	1	2	https://echowater.com/products/echo-ultimate-hydrogen-water
inhalation machine	commercial product	60	5	1	2	https://echowater.com/products/echo-refresh-hydrogen-inhalation-machine
hydrogen generator water bottle	commercial product	60	5	4	1	https://echowater.com/products/echo-flask
hydrogenated water bottles	commercial product	50	5	1	3	https://echowater.com/products/echo-flask
iowa water quality ranking	informational	50	5	1	2	https://echowater.com/blogs/water-quality/iowa-worst-tap-water
hydrogen bath generator	commercial product	50	5	3	2	https://echowater.com/products/echo-revive
dr paul barattiero	other-brand/person	30	5	5	2	https://echowater.com/blogs/newsroom/dr-paul-barattiero-hydrogen-water-pioneer
echo h2 machine	brand (echo)	20	5	1	3	https://echowater.com/Shop
echo h20 water bottle	brand (echo)	10	5	1	1	https://echowater.com/products/echo-flask
what is electrolysis	informational	2100	4	15	1	https://support.echowater.com/hc/en-us/articles/18307857106324-What-is-Electrolysis
how to make hydrogen water	informational	1500	4	17	1	https://support.echowater.com/hc/en-us/articles/25051246961812-How-is-your-Hydrogen-water-made
hydrogen water bottle benefits	health-benefit info	900	4	17	1	https://support.echowater.com/hc/en-us/articles/15265777932948-What-are-the-Benefits-of-Hydrogen-Water
ro machine	commercial product	500	4	1	1	https://echowater.com/products/echo-ro-reverse-osmosis
+1 (855) 423-3729	brand-support/nav	450	4	14	1	https://support.echowater.com/hc/en-us/articles/33983665710484-How-To-Contact-Affirm
electrolysis chemistry	informational	350	4	1	1	https://support.echowater.com/hc/en-us/articles/18307857106324-What-is-Electrolysis
side effects of hydrogen water	health-benefit info	300	4	11	1	https://support.echowater.com/hc/en-us/articles/25050846787604-When-should-I-start-seeing-the-benefits-of-Hydrogen-Water
(855) 423-3729	brand-support/nav	250	4	11	1	https://support.echowater.com/hc/en-us/articles/33983665710484-How-To-Contact-Affirm
where can you buy hydrogen water	commercial product	200	4	11	1	https://echowater.com/collections/hydrogen-water
the best hydrogen water bottle	commercial product	200	4	10	1	https://echowater.com/products/echo-flask
top rated hydrogen water bottle	commercial product	150	4	1	1	https://echowater.com/blogs/blog/the-surprising-secret-behind-the-world-s-most-popular-healing-springs
best hydrogen inhalation machine	commercial product	150	4	1	1	https://echowater.com/products/echo-refresh-hydrogen-inhalation-machine
sodium hypochlorite vs hypochlorous acid	informational	150	4	8	1	https://support.echowater.com/hc/en-us/articles/15428334189972-What-is-the-difference-between-Hypochlorous-acid-HOCl-and-sodium-hypochlorite-NaOCl-for-the-Echo-Clean
potassium for water softener	commercial product	150	4	9	1	https://support.echowater.com/hc/en-us/articles/36264503262356-Potassium-Pellets-vs-Salt-Crystals-Which-is-Better-for-Water-Softeners
hydrogen water bottle near me	commercial product	100	4	7	1	https://echowater.com/Shop
alkaline hydrogen water	informational	80	4	6	1	https://echowater.com/products/echo-ultimate-hydrogen-water
hydrogen rich water machine	commercial product	60	4	4	1	https://echowater.com/collections/hydrogen-water-machines
deuterium depleted water machine	commercial product	60	4	5	1	https://support.echowater.com/hc/en-us/articles/20146628245268-Deuterium-Reduction-in-Water-Using-Filters-Containing-Carbon-and-KDF-55
water bottle hydrogen	commercial product	50	4	4	1	https://echowater.com/products/echo-flask
h2 bottle	other-brand/person	40	4	3	1	https://echowater.com/products/echo-flask
echogo hydrogen water	brand (echo)	20	4	1	5	https://support.echowater.com/hc/en-us/articles/16791847514900-Echo-Go-User-Manual
paul barattiero hydrogen water	other-brand/person	20	4	3	2	https://echowater.com/
synergy science hydrogen water	other-brand/person	10	4	1	3	https://echowater.com/
potassium water softener	commercial product	200	3	1	1	https://support.echowater.com/hc/en-us/articles/36264503262356-Potassium-Pellets-vs-Salt-Crystals-Which-is-Better-for-Water-Softeners
hydrogen water maker	commercial product	150	3	9	1	https://echowater.com/collections/hydrogen-water-machines
is reno tap water safe to drink	informational	100	3	8	1	https://echowater.com/blogs/water-quality/reno-nevada-water-quality
water hydrogen generator	commercial product	100	3	8	1	https://echowater.com/Shop
hydrogen water cup	commercial product	90	3	7	1	https://echowater.com/products/echo-flask
hydrogen water system for home	commercial product	80	3	7	1	https://echowater.com/products/echo-h2-server-hydrogen-water
bottled hydrogen water	commercial product	60	3	3	2	https://echowater.com/products/echo-flask
h2 hydrogen water bottle	other-brand/person	60	3	6	1	https://echowater.com/products/echo-flask
hydrogenation machine	commercial product	50	3	1	1	https://echowater.com/collections/hydrogen-water-machines
hydrogen inhalers	commercial product	50	3	4	1	https://echowater.com/products/echo-refresh-hydrogen-inhalation-machine
how long does a hydrogen water bottle last	informational	50	3	5	1	https://support.echowater.com/hc/en-us/articles/16948460252436-How-long-does-Hydrogen-last-in-water-How-quickly-do-you-need-to-drink-it
hydrogen powder	commercial product	50	3	6	1	https://echowater.com/Shop
hydrolyzed water bottle	commercial product	50	3	6	1	https://echowater.com/products/echo-flask
water hydrogen bottle	commercial product	40	3	4	1	https://echowater.com/products/echo-flask
hydrogen water purifier	commercial product	40	3	4	1	https://echowater.com/Shop
hydrogen inhalation machine reviews	commercial product	30	3	1	2	https://echowater.com/products/echo-refresh-hydrogen-inhalation-machine
hydrogen water bittle	informational	30	3	1	2	https://echowater.com/products/echo-flask
hydrolyzed water machine	commercial product	30	3	3	1	https://echowater.com/products/echo-ultimate-hydrogen-water
hydrogen water bottle echo	brand (echo)	20	3	1	3	https://echowater.com/products/echo-flask
hydrogen water companies	commercial product	20	3	2	1	https://echowater.com/
hydrogen water brand	commercial product	20	3	2	1	https://echowater.com/products/echo-flask
echogo water	brand (echo)	10	3	1	2	https://echowater.com/Shop
echo go + hydrogen water bottle	brand (echo)	10	3	1	4	https://echowater.com/Shop
echo h2 water	brand (echo)	10	3	1	6	https://echowater.com/
echo go water	brand (echo)	10	3	1	4	https://support.echowater.com/hc/en-us/articles/16791847514900-Echo-Go-User-Manual
reverse osmosis machine	commercial product	1200	2	19	1	https://echowater.com/products/echo-ro-reverse-osmosis
what does hydrogen water do for you	health-benefit info	800	2	20	1	https://support.echowater.com/hc/en-us/articles/25050846787604-When-should-I-start-seeing-the-benefits-of-Hydrogen-Water
echo login	brand-support/nav	600	2	18	1	https://echowater.com/a/account/login
h30 water	other-brand/person	400	2	14	1	https://support.echowater.com/en-us/articles
hydrogen water bottle generator	commercial product	200	2	13	1	https://echowater.com/collections/hydrogen-water-machines
tankless reverse osmosis water filtration system	commercial product	150	2	4	1	https://echowater.com/products/echo-ro-reverse-osmosis
where to get hydrogen water	commercial product	150	2	12	1	https://echowater.com/
echo warranty registration	brand-support/nav	150	2	11	1	https://support.echowater.com/hc/en-us/articles/32460371263380-How-to-Submit-a-Warranty-Claim
where do you get hydrogen water	commercial product	100	2	12	1	https://echowater.com/
hydrogen machines	commercial product	100	2	9	1	https://echowater.com/products/echo-refresh-hydrogen-inhalation-machine
hypochlorous acid vs sodium hypochlorite	informational	100	2	10	1	https://support.echowater.com/en-us/articles
evo water system	commercial product	90	2	9	1	https://echowater.com/collections/water-filtration-systems
hydrogen water where to buy	commercial product	80	2	10	1	https://echowater.com/
h2 water generator	commercial product	60	2	9	1	https://echowater.com/collections/hydrogen-water-machines
does hydrogen water taste different	informational	60	2	8	1	https://support.echowater.com/hc/en-us/articles/25049170567828-My-Hydrogen-water-doesn-t-taste-any-different
medical grade hydrogen water	informational	60	2	7	1	https://echowater.com/
hydrogen water bottle nearby	commercial product	50	2	7	1	https://echowater.com/Shop
hydrogen water generators	commercial product	50	2	6	1	https://echowater.com/collections/hydrogen-water-machines
where to buy hydrogen water bottle	commercial product	50	2	8	1	https://echowater.com/products/echo-flask
hydrogen bottle water	commercial product	40	2	5	1	https://echowater.com/products/echo-flask
why is hydrogen important to the human body	informational	40	2	6	1	https://support.echowater.com/en-us/articles
portable hydrogen water generator	commercial product	40	2	7	1	https://echowater.com/collections/hydrogen-water-machines
best hydrogen water maker	commercial product	30	2	1	2	https://echowater.com/collections/hydrogen-water-machines
buy hydrogen water bottle	commercial product	30	2	1	2	https://echowater.com/products/echo-flask
molecular water machine	commercial product	30	2	1	2	https://echowater.com/collections/hydrogen-water-machines
joe rogan hydrogen water bottle	other-brand/person	30	2	4	1	https://echowater.com/pages/about
what is the best hydrogen water machine	commercial product	30	2	4	1	https://echowater.com/Shop
e water bottle	commercial product	30	2	5	1	https://echowater.com/products/echo-flask
hydrogen water infuser	commercial product	30	2	5	1	https://echowater.com/collections/hydrogen-water-machines
how long do hydrogen water bottles last	informational	30	2	5	1	https://support.echowater.com/hc/en-us/articles/16948460252436-How-long-does-Hydrogen-last-in-water-How-quickly-do-you-need-to-drink-it
hudrogen water bottle	commercial product	30	2	5	1	https://echowater.com/Shop
molecular hydrogen generator	commercial product	20	2	1	2	https://echowater.com/collections/hydrogen-water-machines
echo go +	brand (echo)	20	2	3	1	https://support.echowater.com/hc/en-us/articles/33659426173332-Echo-Flask-vs-Echo-Go-Comparison-Table
hydrogen water bottle made in usa	commercial product	20	2	3	1	https://echowater.com/products/echo-flask
echo hydrogen water bottle gary brecka	brand (echo)	20	2	4	1	https://echowater.com/pages/about
water bottle e	commercial product	10	2	1	1	https://echowater.com/products/echo-flask
hydronated water bottle	commercial product	10	2	1	2	https://echowater.com/products/echo-flask
hydrogen water ppm	informational	10	2	1	2	https://echowater.com/blogs/blog/why-echo-hydrogen-water-ppm-is-better
echo h2 hydrogen water machine	brand (echo)	10	2	1	5	https://echowater.com/products/echo-h2-hydrogen-water-machine
echogo plus	brand (echo)	10	2	1	4	https://support.echowater.com/hc/en-us/articles/16791847514900-Echo-Go-User-Manual
echo hydrogen water reviews	brand (echo)	10	2	1	3	https://echowater.com/products/echo-flask
hydrogen water bottlw	informational	10	2	2	1	https://echowater.com/Shop
hydrogen water bottle price	commercial product	10	2	3	1	https://echowater.com/products/echo-flask
is hydrogen water	informational	900	1	17	1	https://support.echowater.com/en-us/articles
what are the benefits of hydrogen water	health-benefit info	400	1	19	1	https://support.echowater.com/hc/en-us/articles/15265777932948-What-are-the-Benefits-of-Hydrogen-Water
evolv hydrogen water bottle	other-brand/person	400	1	19	1	https://echowater.com/products/echo-flask
h3o water	informational	300	1	15	1	https://support.echowater.com/hc/en-us/articles/34069624778516-Why-Hydrogen-Water-Isn-t-Considered-H-O-or-H-O
aqua vital hydrogen water bottle	other-brand/person	300	1	19	1	https://echowater.com/Shop
deuterium water	informational	250	1	7	1	https://support.echowater.com/hc/en-us/articles/15269690195220-Exploring-Deuterium-Reduction-in-Water-Through-Electrolysis
hlth hydrogen machine	other-brand/person	150	1	15	1	https://echowater.com/products/echo-refresh-hydrogen-inhalation-machine
hydrogen health water bottle	other-brand/person	100	1	13	1	https://echowater.com/products/echo-flask
h4o	informational	100	1	8	1	https://support.echowater.com/hc/en-us/articles/34069624778516-Why-Hydrogen-Water-Isn-t-Considered-H-O-or-H-O
cleaning cartridge	commercial product	100	1	13	1	https://echowater.com/products/echo-cleaning-cartridge
electrolyzed reduced water machine	commercial product	80	1	10	1	https://echowater.com/products/echo-ultimate-hydrogen-water
distilled water fsa eligible	informational	70	1	11	1	https://echowater.com/collections/fsa-hsa-eligible
hydro bottle water	other-brand/person	70	1	9	1	https://echowater.com/products/echo-flask
does reverse osmosis remove glyphosate	informational	70	1	10	1	https://echowater.com/Water
what city has the best water in the us	informational	70	1	10	1	https://echowater.com/blogs/blog/best-tap-water-cities-in-america
hydrogen oxygen machine	commercial product	60	1	10	1	https://echowater.com/products/echo-refresh-hydrogen-inhalation-machine
haloacetic acids (haa9)	informational	60	1	9	1	https://echowater.com/Hydrogen
echo discount code	brand-support/nav	60	1	11	1	https://echowater.com/Shop
can you buy hydrogen water	commercial product	60	1	9	1	https://echowater.com/
what city has the best water	informational	60	1	10	1	https://echowater.com/blogs/blog/best-tap-water-cities-in-america
flash water bottle	other-brand/person	50	1	10	1	https://echowater.com/products/echo-flask
hydrogen water filter for home	commercial product	50	1	9	1	https://echowater.com/
ho2 water	informational	50	1	10	1	https://support.echowater.com/hc/en-us/articles/26132207843860-Doesn-t-Water-Already-Contain-Hydrogen
hydrogenated water filter	commercial product	50	1	10	1	https://echowater.com/
hydrogen water dispenser	commercial product	50	1	8	1	https://echowater.com/products/echo-ultimate-hydrogen-water
hydrogen infused water machine	commercial product	50	1	8	1	https://echowater.com/collections/hydrogen-water-machines
855 4233729	brand-support/nav	40	1	10	1	https://support.echowater.com/hc/en-us/articles/33983665710484-How-To-Contact-Affirm
hydrogen water at home	commercial product	40	1	10	5	https://echowater.com/
hydrogen vs deuterium	informational	40	1	8	1	https://support.echowater.com/hc/en-us/articles/43598571279892-Hydrogen-Water-and-Deuterium
cobalt water	informational	40	1	10	1	https://echowater.com/blogs/blog/cobalt-in-drinking-water
who sells hydrogen water	commercial product	40	1	9	1	https://echowater.com/
what does hydrogen water taste like	informational	40	1	9	1	https://support.echowater.com/hc/en-us/articles/25049170567828-My-Hydrogen-water-doesn-t-taste-any-different
echo go plus review	brand (echo)	40	1	10	1	https://echowater.com/products/echo-flask
hydrogen water device	commercial product	40	1	8	2	https://echowater.com/collections/hydrogen-water-machines
hydrogen water generator reviews	commercial product	20	1	1	1	https://echowater.com/products/echo-ultimate-hydrogen-water
hydrogen water filters	commercial product	20	1	1	2	https://echowater.com/
h2 fuel hydrogen water bottle	other-brand/person	20	1	1	2	https://echowater.com/products/echo-flask
hydrogen water bottle for sale	commercial product	20	1	4	1	https://echowater.com/products/echo-flask
chromium-6 in water list of cities	informational	20	1	5	1	https://echowater.com/blogs/water-quality/chromium-in-drinking-water
original hydrogen water bottle	commercial product	20	1	4	1	https://echowater.com/products/echo-flask
hydrogen glass water bottle	commercial product	20	1	5	1	https://echowater.com/products/echo-flask
hyrdogen water bottle	commercial product	20	1	5	1	https://echowater.com/products/echo-flask
ro water hardness	informational	20	1	5	1	https://support.echowater.com/hc/en-us/articles/29801881516180-Understanding-Water-Hardness-and-Its-Impact-on-Your-Reverse-Osmosis-RO-System
hydrogen filter water	commercial product	20	1	5	1	https://echowater.com/
hydrogen water water bottle	commercial product	10	1	1	3	https://echowater.com/products/echo-flask
how to remove glyphosate from drinking water	informational	10	1	1	1	https://echowater.com/blogs/water-quality/glyphosate-in-drinking-water
echo h2 water machine	brand (echo)	10	1	1	3	https://echowater.com/products/echo-h2-hydrogen-water-machine
hydrogen.water bottle	commercial product	10	1	1	2	https://echowater.com/products/echo-flask
echo go coupon code	brand-support/nav	10	1	3	1	https://echowater.com/pages/govx
hydrogen water container	commercial product	10	1	4	1	https://echowater.com/products/echo-flask
hydrogen wayer bottle	commercial product	10	1	4	1	https://echowater.com/Shop
h3o water bottle	other-brand/person	10	1	5	1	https://echowater.com/products/echo-flask
hydrgen water bottle	commercial product	10	1	4	1	https://echowater.com/products/echo-flask
jake paul water	other-brand/person	10	1	4	1	https://echowater.com/blogs/newsroom/what-water-bottle-does-jake-paul-use-in-the-netflix-series-countdown-paul-vs-tyson
echo go bottle	brand (echo)	0	1	1	2	https://echowater.com/Shop
paul barattiero echo water machine	brand (echo)	0	1	1	6	https://echowater.com/
eco go plus	brand (echo)	0	1	1	2	https://support.echowater.com/hc/en-us/articles/16791847514900-Echo-Go-User-Manual
echoh20.com	brand (echo)	0	1	1	1	https://echowater.com/
echo plus hydrogen water	brand (echo)	0	1	1	6	https://echowater.com/
brecka hydrogen water bottle	other-brand/person	0	1	2	1	https://echowater.com/
hydrogen ion	informational	3600	0	15	1	https://support.echowater.com/hc/en-us/articles/34091237438868-Molecular-Hydrogen-H-vs-Hydrogen-Ions-H
855-423-3729	brand-support/nav	2400	0	10	1	https://support.echowater.com/hc/en-us/articles/33983665710484-How-To-Contact-Affirm
8554233729	brand-support/nav	1100	0	13	1	https://support.echowater.com/hc/en-us/articles/33983665710484-How-To-Contact-Affirm
dieldrin	informational	900	0	19	1	https://echowater.com/blogs/water-quality/dieldrin-in-drinking-water
echo warranty	brand-support/nav	400	0	11	1	https://support.echowater.com/hc/en-us/articles/23149291848468-Echo-Go-Warranty-Guide
water cities	informational	60	0	9	1	https://echowater.com/Water
where do i get hydrogen water	commercial product	50	0	14	1	https://echowater.com/collections/hydrogen-water
haa9	informational	50	0	10	1	https://echowater.com/blogs/blog/haloacetic-acids-haa9-in-drinking-water
hydrogen rich water generator	commercial product	40	0	12	1	https://echowater.com/collections/hydrogen-water-machines
is h2 soluble in water	informational	10	0	1	1	https://echowater.com/blogs/blog/is-hydrogen-soluble-in-water
echo go hydrogen water bottle review	brand (echo)	10	0	4	1	https://echowater.com/Shop
echo coupon code	brand-support/nav	10	0	4	1	https://echowater.com/pages/govx
hydronator water bottle	other-brand/person	10	0	5	1	https://echowater.com/Shop
echo coupon	brand-support/nav	10	0	3	1	https://echowater.com/pages/govx
o2 water bottle	other-brand/person	10	0	5	1	https://echowater.com/products/echo-flask
echo coupons	brand-support/nav	10	0	2	1	https://echowater.com/pages/govx
hydrogen watwr bottle	commercial product	0	0	1	2	https://echowater.com/products/echo-flask
hydrogenized water bottle	commercial product	0	0	1	2	https://echowater.com/products/echo-flask
best hydrogen water machine 2023	commercial product	0	0	1	1	https://echowater.com/products/echo-ultimate-hydrogen-water
american made hydrogen water bottle	commercial product	0	0	1	2	https://echowater.com/products/echo-flask
hydrogen water.bottle	commercial product	0	0	1	2	https://echowater.com/products/echo-flask
water electrolysis machines	commercial product	0	0	1	1	https://echowater.com/products/echo-ultimate-hydrogen-water
hydrogen water bottle joe rogan	other-brand/person	0	0	1	1	https://echowater.com/pages/about
hydrogen watter bottle	commercial product	0	0	1	2	https://echowater.com/products/echo-flask
echo 2 hydrogen water bottle	brand (echo)	0	0	1	2	https://echowater.com/products/echo-flask
echo go water bottle reviews	brand (echo)	0	0	1	1	https://echowater.com/products/echo-flask
echo h2o water bottle	brand (echo)	0	0	1	1	https://echowater.com/products/echo-flask
echo go hydrogen	brand (echo)	0	0	1	2	https://echowater.com/products/echo-flask
ecowater app	brand-support/nav	0	0	1	1	https://support.echowater.com/hc/en-us/articles/34778533579156-App-How-to-Pair-and-Connect-Your-Flask
hydrogen water echo go	brand (echo)	0	0	1	3	https://support.echowater.com/hc/en-us/articles/16791847514900-Echo-Go-User-Manual
eco h20 water bottle	brand (echo)	0	0	1	1	https://echowater.com/Shop
h2o echo water	brand (echo)	0	0	1	1	https://echowater.com/
echo hydrogen water machine reviews	brand (echo)	0	0	1	1	https://echowater.com/products/echo-flask
echo reverse osmosis system	brand (echo)	0	0	1	2	https://echowater.com/products/echo-ro-reverse-osmosis
echo h2o.com	brand (echo)	0	0	1	6	https://echowater.com/
echogoplus	brand (echo)	0	0	1	6	https://echowater.com/products/echo-flask
echo h2o discount code	brand-support/nav	0	0	1	2	https://support.echowater.com/hc/en-us/articles/37568742976916-Echo-Water-Subscriptions-Stay-Stocked-Save-Big
echo2 water	brand (echo)	0	0	1	9	https://echowater.com/
echo water filtration hydrogen	brand (echo)	0	0	1	1	https://echowater.com/
echo go vs echo go+	brand (echo)	0	0	1	2	https://support.echowater.com/hc/en-us/articles/14795087871252-Echo-Go-vs-Echo-Go-Quick-Comparison
eco go water bottle	brand (echo)	0	0	1	2	https://echowater.com/products/echo-flask
ecogo water	brand (echo)	0	0	1	2	https://echowater.com/products/echo-flask
synergy science echo h2 water	brand (echo)	0	0	1	3	https://echowater.com/
echo h20 coupon code	brand-support/nav	0	0	1	2	https://echowater.com/pages/govx
eco h2o water bottle	brand (echo)	0	0	1	1	https://echowater.com/Shop
reverse osmosis water hardness	commercial product	0	0	4	1	https://support.echowater.com/hc/en-us/articles/29801881516180-Understanding-Water-Hardness-and-Its-Impact-on-Your-Reverse-Osmosis-RO-System
hydrogen ionized water bottle	commercial product	0	0	5	1	https://echowater.com/products/echo-flask
echo go reviews	brand (echo)	0	0	3	1	https://echowater.com/products/echo-flask
exho go	brand (echo)	0	0	4	3	https://support.echowater.com/hc/en-us/articles/33659426173332-Echo-Flask-vs-Echo-Go-Comparison-Table
echo.go	brand (echo)	0	0	4	3	https://support.echowater.com/hc/en-us/articles/33659426173332-Echo-Flask-vs-Echo-Go-Comparison-Table
hydrogenator water bottle	other-brand/person	0	0	4	1	https://echowater.com/Shop
eco water filtration hydrogen	brand (echo)	0	0	3	1	https://echowater.com/
huberman hydrogen water bottle	other-brand/person	0	0	4	1	https://echowater.com/products/echo-flask
h20 periodic table number	informational	0	0	2	1	https://echowater.com/blogs/blog/what-is-hydrogen-water
andrew huberman hydrogen water bottle	other-brand/person	0	0	5	1	https://echowater.com/products/echo-flask
echo h2o coupon code	brand-support/nav	0	0	3	1	https://echowater.com/pages/govx
echo go hydrogen water reviews	brand (echo)	0	0	3	1	https://echowater.com/products/echo-flask
hydrogen water bottle in store	commercial product	0	0	2	1	https://echowater.com/products/echo-flask
echo2go	brand (echo)	0	0	2	1	https://echowater.com/products/echo-flask
water filter before or after softener	commercial product			6	1	https://support.echowater.com/hc/en-us/articles/37576028809876-Why-do-you-install-the-Water-Softener-before-the-Filtration-System
what does hydrogen taste like	informational			6	1	https://support.echowater.com/en-us/articles
hydrogen ionizer water bottle	commercial product			6	1	https://echowater.com/products/echo-flask
home hydrogen water system	commercial product			6	1	https://echowater.com/
hydrogen carbonate water	informational			6	1	https://support.echowater.com/hc/en-us/articles/43604823439764-Is-Hydrogen-Water-Carbonated
hydrogen water bottle for sale near me	commercial product			6	1	https://echowater.com/products/echo-flask
hydrogen water joe rogan	other-brand/person			6	1	https://echowater.com/pages/about
drinking water testing for vanadium	informational			6	1	https://echowater.com/blogs/blog/vanadium-in-drinking-water
echo go+ review	brand (echo)			6	1	https://echowater.com/Shop
the best hydrogen water company	commercial product			6	1	https://echowater.com/
echo go+ reviews	brand (echo)			6	1	https://echowater.com/
hydrogen water bottles for sale	commercial product			6	1	https://echowater.com/products/echo-flask
water softener before or after filter	commercial product			6	1	https://support.echowater.com/hc/en-us/articles/37576028809876-Why-do-you-install-the-Water-Softener-before-the-Filtration-System
can you freeze hydrogen	informational			6	1	https://echowater.com/blogs/blog/can-you-freeze-hydrogen-water
pro-hydrogen water generator	other-brand/person			6	1	https://echowater.com/Shop
where can i buy h30 water	other-brand/person			6	1	https://echowater.com/
hydrogen water bottle glass	commercial product			6	1	https://echowater.com/products/echo-flask
where can i buy a hydrogen water bottle	commercial product			6	1	https://echowater.com/products/echo-flask
hydrated water machine	commercial product			6	1	https://echowater.com/products/echo-ultimate-hydrogen-water
hydrogen ion bottle	other-brand/person			7	1	https://echowater.com/Shop
best portable hydrogen water generator	commercial product			7	1	https://echowater.com/Shop
is h2o a product	informational			7	1	https://support.echowater.com/hc/en-us/articles/34069624778516-Why-Hydrogen-Water-Isn-t-Considered-H-O-or-H-O
drinking water testing for cobalt	informational			7	1	https://echowater.com/blogs/blog/cobalt-in-drinking-water
bromodichloromethane water filter	commercial product			7	1	https://echowater.com/blogs/blog/bromodichloromethane-in-drinking-water
h30 water for sale	other-brand/person			7	1	https://echowater.com/
potassium pellets	commercial product			7	1	https://support.echowater.com/hc/en-us/articles/36264503262356-Potassium-Pellets-vs-Salt-Crystals-Which-is-Better-for-Water-Softeners
how to test for hydrogen	informational			7	1	https://support.echowater.com/hc/en-us/articles/25049830861332-Testing-Hydrogen-PPM-in-Your-Water-What-You-Need-to-Know
where to buy a hydrogen water bottle	commercial product			7	1	https://echowater.com/products/echo-flask
does hydrogen freeze	informational			7	1	https://echowater.com/blogs/blog/can-you-freeze-hydrogen-water
hydrogen water filtration system for home	commercial product			7	1	https://echowater.com/
usa made hydrogen water bottle	commercial product			7	1	https://echowater.com/products/echo-flask
list of cities with contaminated water	informational			8	1	https://echowater.com/blogs/blog/worst-tap-water-cities-in-america
how to test hydrogen water	informational			8	1	https://support.echowater.com/hc/en-us/articles/25049830861332-Testing-Hydrogen-PPM-in-Your-Water-What-You-Need-to-Know
echo battery warranty	brand-support/nav			8	1	https://support.echowater.com/hc/en-us/articles/23149295785492-Echo-Go-Warranty-Guide
hydrogen water makers	commercial product			8	1	https://echowater.com/collections/hydrogen-water-machines
h+ molecule	informational			8	1	https://support.echowater.com/hc/en-us/articles/34091237438868-Molecular-Hydrogen-H-vs-Hydrogen-Ions-H
test for hydrogen	informational			8	1	https://support.echowater.com/hc/en-us/articles/25049830861332-Testing-Hydrogen-PPM-in-Your-Water-What-You-Need-to-Know
dave asprey hydrogen water	other-brand/person			8	1	https://echowater.com/pages/dave-asprey
echocare	brand (echo)			8	1	https://support.echowater.com/hc/en-us/articles/36656524757268-What-is-Echo-Care
hydrogen generator bottle	commercial product			8	1	https://echowater.com/products/echo-flask
truemed payments	other-brand/person			8	1	https://support.echowater.com/hc/en-us/articles/35887006961684-Using-Multiple-Cards-HSA-FSA-Credit-Debit-at-Truemed-Checkout
electrolytic process	informational			8	1	https://support.echowater.com/hc/en-us/articles/18307857106324-What-is-Electrolysis
hydrogen water filtration	informational			8	1	https://echowater.com/
hydrogen as a person	informational			8	1	https://support.echowater.com/hc/en-us/articles/28538153678484-Hydrogen-Deficiency-and-Its-Impact-on-Health
hydrogen water filter system	commercial product			8	1	https://echowater.com/products/echo-h2-server-hydrogen-water
the best hydrogen water machine	commercial product			8	1	https://echowater.com/Shop
can you mix potassium and salt in a water softener	informational			8	1	https://support.echowater.com/hc/en-us/articles/36264503262356-Potassium-Pellets-vs-Salt-Crystals-Which-is-Better-for-Water-Softeners
best water in michigan	informational			8	1	https://echowater.com/blogs/water-quality/michigan-water-quality
h₂o	informational			8	1	https://support.echowater.com/hc/en-us/articles/34069624778516-Why-Hydrogen-Water-Isn-t-Considered-H-O-or-H-O
is h2 an electrolyte	informational			8	1	https://echowater.com/blogs/blog/can-you-mix-hydrogen-water-with-electrolytes
honolulu tap water	informational			8	1	https://echowater.com/Water
can hydrogen freeze	informational			8	1	https://echowater.com/blogs/blog/can-you-freeze-hydrogen-water
echo 58v battery warranty	brand-support/nav			8	1	https://support.echowater.com/hc/en-us/articles/23149295785492-Echo-Go-Warranty-Guide
hydrogen water bottles near me	commercial product			8	1	https://echowater.com/products/echo-flask
hydrogen in plants	informational			9	1	https://support.echowater.com/hc/en-us/articles/32785951585300-Studies-Referencing-Molecular-Hydrogen-for-use-in-Plants
high hydrogen carbonate water	informational			9	1	https://echowater.com/blogs/blog/hydrogen-water-vs-carbonated-water
hydrogen in the human body	health-benefit info			9	1	https://support.echowater.com/hc/en-us/articles/28538153678484-Hydrogen-Deficiency-and-Its-Impact-on-Health
what is better for water softener salt or potassium	informational			9	1	https://support.echowater.com/hc/en-us/articles/36264503262356-Potassium-Pellets-vs-Salt-Crystals-Which-is-Better-for-Water-Softeners
hydrogen ion water bottle	commercial product			9	1	https://echowater.com/products/echo-flask
is the tap water in honolulu safe to drink	informational			9	1	https://echowater.com/blogs/water-quality/honolulu-hawaii-water-quality
water softener potassium vs salt	informational			9	1	https://support.echowater.com/hc/en-us/articles/36264503262356-Potassium-Pellets-vs-Salt-Crystals-Which-is-Better-for-Water-Softeners
hydrogen machine for health	commercial product			9	1	https://echowater.com/products/echo-refresh-hydrogen-inhalation-machine
is tap water safe to drink in albuquerque	informational			9	1	https://echowater.com/blogs/water-quality/albuquerque-new-mexico-water-quality
is oahu tap water safe to drink	informational			9	1	https://echowater.com/blogs/water-quality/honolulu-hawaii-water-quality
nj tap water quality	informational			9	1	https://echowater.com/blogs/water-quality/new-jersey-water-quality
naclo acid or base	informational			9	1	https://support.echowater.com/hc/en-us/articles/15428334189972-What-is-the-difference-between-Hypochlorous-acid-HOCl-and-sodium-hypochlorite-NaOCl-for-the-Echo-Clean
what is the best hydrogen water generator	commercial product			9	1	https://echowater.com/collections/hydrogen-water-machines
10x hydrogen water	other-brand/person			9	1	https://echowater.com/blogs/newsroom/echo-water-and-10x-health-system-announce-strategic-partnership
drinking water test for beryllium	informational			9	1	https://echowater.com/blogs/blog/beryllium-in-drinking-water
hydro bottle hydrogen water	other-brand/person			9	1	https://echowater.com/Shop
carbon filter before or after water softener	commercial product			9	1	https://support.echowater.com/hc/en-us/articles/37576028809876-Why-do-you-install-the-Water-Softener-before-the-Filtration-System
hydrogen water systems	commercial product			9	1	https://echowater.com/
haa9 in water	informational			9	1	https://echowater.com/blogs/blog/haloacetic-acids-haa9-in-drinking-water
pa-e reverse osmosis ro-132 manual pdf	brand-support/nav			9	1	https://support.echowater.com/hc/en-us/articles/17683665417876-Echo-RO-Reverse-Osmosis-User-Manual
is honolulu water safe to drink	informational			9	1	https://echowater.com/blogs/water-quality/honolulu-hawaii-water-quality
haloacetic acids (haa9)†	informational			9	1	https://echowater.com/blogs/blog/haloacetic-acids-haa9-in-drinking-water
hydrogen generating water bottle	commercial product			9	1	https://echowater.com/products/echo-flask
hydrogen function in the body	health-benefit info			9	1	https://support.echowater.com/hc/en-us/articles/28538153678484-Hydrogen-Deficiency-and-Its-Impact-on-Health
filter before or after water softener	commercial product			9	1	https://support.echowater.com/hc/en-us/articles/37576028809876-Why-do-you-install-the-Water-Softener-before-the-Filtration-System
hydrogen ions in water	informational			9	1	https://support.echowater.com/hc/en-us/articles/34091237438868-Molecular-Hydrogen-H-vs-Hydrogen-Ions-H
deuterium in water	informational			9	1	https://support.echowater.com/hc/en-us/articles/20146628245268-Deuterium-Reduction-in-Water-Using-Filters-Containing-Carbon-and-KDF-55
can you drink tap water in honolulu	informational			10	2	https://echowater.com/blogs/water-quality/honolulu-hawaii-water-quality
hydrogen stick	commercial product			10	1	https://support.echowater.com/hc/en-us/articles/36601469086740-Echo-Hydrogen-Prebiotic-Stick-Packs-vs-Echo-Flask-Which-One-s-Right-for-You
what does echo warranty cover	brand-support/nav			10	1	https://support.echowater.com/hc/en-us/articles/23149295785492-Echo-Go-Warranty-Guide
can i drink tap water in honolulu	informational			10	2	https://echowater.com/blogs/water-quality/honolulu-hawaii-water-quality
molybdenum in water	informational			10	1	https://echowater.com/blogs/blog/molybdenum-in-drinking-water
h2 fuel water bottle	other-brand/person			10	1	https://echowater.com/products/echo-flask
reverse osmosis hard water	commercial product			10	1	https://support.echowater.com/hc/en-us/articles/29801881516180-Understanding-Water-Hardness-and-Its-Impact-on-Your-Reverse-Osmosis-RO-System
echo technologies llc	brand (echo)			10	1	https://echowater.com/
cobalt in water	informational			10	1	https://echowater.com/blogs/blog/cobalt-in-drinking-water
is hydrogen water acidic	health-benefit info			10	1	https://support.echowater.com/hc/en-us/articles/30526409627028-Does-Hydrogen-Water-Make-Your-Body-Acidic
is tap water safe to drink in honolulu	informational			10	1	https://echowater.com/blogs/water-quality/honolulu-hawaii-water-quality
what city has the cleanest water	informational			10	1	https://echowater.com/Hydrogen
h2 smart hydrogen cup	other-brand/person			10	1	https://echowater.com/Shop
h2o hydrogen	informational			10	1	https://echowater.com/blogs/blog/what-is-hydrogen-water
oahu tap water quality	informational			10	2	https://echowater.com/blogs/water-quality/honolulu-hawaii-water-quality
10x hydrogen water bottle	other-brand/person			10	1	https://echowater.com/blogs/newsroom/echo-water-and-10x-health-system-announce-strategic-partnership
is h3o water	informational			10	1	https://support.echowater.com/en-us/articles
erw water machine	other-brand/person			10	1	https://echowater.com/Shop
855 423-3729	brand-support/nav			10	1	https://support.echowater.com/hc/en-us/articles/33983665710484-How-To-Contact-Affirm
vanadium water	informational			10	1	https://echowater.com/blogs/blog/vanadium-in-drinking-water
hydrogen water buy	commercial product			10	1	https://echowater.com/
hydrogen carbonate water brands	commercial product			10	1	https://echowater.com/
magnesium hydrogen sulfite	informational			10	1	https://echowater.com/blogs/blog/magnesium-the-mineral-that-makes-hydrogen
hydrogen vs water	informational			10	1	https://support.echowater.com/hc/en-us/articles/34069624778516-Why-Hydrogen-Water-Isn-t-Considered-H-O-or-H-O
can you drink the tap water in honolulu	informational			10	2	https://echowater.com/blogs/water-quality/honolulu-hawaii-water-quality
echo leaf blower warranty	brand-support/nav			11	1	https://support.echowater.com/hc/en-us/articles/23149295785492-Echo-Go-Warranty-Guide
is it safe to drink tap water in honolulu	informational			11	2	https://echowater.com/blogs/water-quality/honolulu-hawaii-water-quality
where is hydrogen found in the human body	health-benefit info			11	1	https://support.echowater.com/hc/en-us/articles/28538153678484-Hydrogen-Deficiency-and-Its-Impact-on-Health
manatee county water quality report	informational			11	1	https://echowater.com/blogs/water-quality/bradenton-florida-water-quality
do i need a carbon filter with my water softener	informational			11	1	https://support.echowater.com/hc/en-us/articles/37576028809876-Why-do-you-install-the-Water-Softener-before-the-Filtration-System
can you drink tap water in albuquerque	informational			11	1	https://echowater.com/Water
hard water reverse osmosis	commercial product			11	1	https://support.echowater.com/hc/en-us/articles/29801881516180-Understanding-Water-Hardness-and-Its-Impact-on-Your-Reverse-Osmosis-RO-System
can you drink honolulu tap water	informational			11	2	https://echowater.com/blogs/water-quality/honolulu-hawaii-water-quality
what is hydrogen water bottle	informational			11	1	https://echowater.com/products/echo-flask
h2 freezing point	informational			11	1	https://echowater.com/blogs/blog/can-you-freeze-hydrogen-water
flash bottle	other-brand/person			11	1	https://echowater.com/products/echo-flask
hydrogen in body	health-benefit info			11	1	https://support.echowater.com/hc/en-us/articles/28538153678484-Hydrogen-Deficiency-and-Its-Impact-on-Health
under sink water leak detector	commercial product			11	1	https://echowater.com/products/echo-guardian
water with hydrogen carbonate	informational			11	1	https://support.echowater.com/hc/en-us/articles/43604823439764-Is-Hydrogen-Water-Carbonated
hydro waterbottle	other-brand/person			11	1	https://echowater.com/products/echo-flask
can you drink tap water in oahu	informational			11	2	https://echowater.com/blogs/water-quality/honolulu-hawaii-water-quality
where can i get hydrogen water	commercial product			12	1	https://echowater.com/
where to find hydrogen water	commercial product			12	1	https://echowater.com/collections/hydrogen-water
what is h2o classified as	informational			12	1	https://support.echowater.com/hc/en-us/articles/34069624778516-Why-Hydrogen-Water-Isn-t-Considered-H-O-or-H-O
hydrogen generator water	commercial product			12	1	https://echowater.com/collections/hydrogen-water-machines
molecular hydrogen machines	commercial product			12	1	https://echowater.com/collections/hydrogen-water-machines
h2orange water bottle	other-brand/person			12	1	https://echowater.com/products/echo-flask
hydrogen water pouch	commercial product			12	1	https://echowater.com/Shop
hydrogen water tester	commercial product			13	1	https://support.echowater.com/hc/en-us/articles/25049830861332-Testing-Hydrogen-PPM-in-Your-Water-What-You-Need-to-Know
hydrogen water	informational			21	1	https://echowater.com/
benefits of drinking hydrogen water	health-benefit info			22	1	https://support.echowater.com/hc/en-us/articles/25050846787604-When-should-I-start-seeing-the-benefits-of-Hydrogen-Water
does hydrogen water really work	health-benefit info			23	1	https://support.echowater.com/hc/en-us/articles/25050846787604-When-should-I-start-seeing-the-benefits-of-Hydrogen-Water
hydrogen water negative side effects	health-benefit info			23	1	https://support.echowater.com/hc/en-us/articles/25050846787604-When-should-I-start-seeing-the-benefits-of-Hydrogen-Water
hydrogen tablets benefits	health-benefit info			24	1	https://support.echowater.com/hc/en-us/articles/25050846787604-When-should-I-start-seeing-the-benefits-of-Hydrogen-Water
molecular hydrogen tablets benefits	health-benefit info			25	1	https://support.echowater.com/hc/en-us/articles/25050846787604-When-should-I-start-seeing-the-benefits-of-Hydrogen-Water
is hydrogen flammable	informational			26	1	https://support.echowater.com/hc/en-us/articles/45979726600596-Is-Hydrogen-Water-Flammable-or-Dangerous
what is h2o	informational			26	1	https://support.echowater.com/en-us/articles
what is h30	informational			26	1	https://support.echowater.com/hc/en-us/articles/34069624778516-Why-Hydrogen-Water-Isn-t-Considered-H-O-or-H-O
what is h3o	informational			26	1	https://support.echowater.com/hc/en-us/articles/34069624778516-Why-Hydrogen-Water-Isn-t-Considered-H-O-or-H-O
hydrogen rich water	informational			26	1	https://support.echowater.com/hc/en-us/articles/15265777932948-What-are-the-Benefits-of-Hydrogen-Water
hydrogen water tablets benefits	health-benefit info			26	1	https://support.echowater.com/en-us/articles
