n,pmid,doi,url,first_author,year,design,n_participants,outcome_as_verified,where_cited,our_study_url,verified_via
1,34651133,10.1097/CCE.0000000000000543,,Cole AR,2021,Prospective single-arm safety study,8 healthy adults (18-30),"2.4% H2 in medical air via high-flow nasal cannula at 15 L/min for 24, 48 or 72 h; no clinically significant AEs; clinically insignificant rises in hematocrit and platelets; external DSMB review",What side effects have hydrogen inhalation studies reported?; Is hydrogen inhalation safe?; What the evidence doesn't show,/study/safety-of-prolonged-inhalation-of-hydrogen-gas-in-air-in-healthy-adults-1775650467164,PubMed get_article_metadata (abstract)
2,41401441,10.1139/cjpp-2025-0228,,Grepl P,2026,"Randomized, double-blind, placebo (ambient air) crossover",20 physically active women (~22 y),"60-min H2 inhalation vs ambient air; SpO2 95.9% vs 96.7% (p<=0.007), authors: not clinically significant; no HRV changes; H2 concentration/flow not stated in abstract",What side effects have hydrogen inhalation studies reported?; Can hydrogen inhalation lower blood oxygen?,/study/sixty-minute-inhalation-of-molecular-hydrogen-decreases-blood-oxygen-saturation-but-does-not-alter-autonomic-cardiac-regulation-at-rest-in-healthy-females-a-randomized-double-blind-placebo-controlled-crossover-study-1775650467182,PubMed get_article_metadata (abstract; no PMC full text)
3,33642332,10.4103/2045-9912.310054,,Chen JB,2021,"Self-controlled before/after study, no control group",20 adults aged 31-60,"66.7% H2/33.3% O2 at 3 L/min via nasal tube (AMS-H-03), 2 or 4 h/day x 2 weeks; major T-cell counts unchanged; decreases in proportions of some helper, cytotoxic, NK, NKT and gamma-delta T-cell subsets; authors conclude possible immune suppression; clinical side effects not described",What side effects have hydrogen inhalation studies reported?,/study/high-flow-hydrogen-inhalation-might-suppresses-the-immune-function-of-middle-aged-participants-a-self-controlled-study-1775650467133,PubMed + PMC full text (PMC8103974)
4,36969346,10.1016/j.eclinm.2023.101907,,Tamura T,2023,"RCT, double-blind, 15 hospitals (stopped early)",73 (39 H2 / 34 control),"2% H2 with titrated O2 via ventilator for 18 h; cylinders held 4% H2 + 96% N2 (non-flammable); AEs within 72 h 37 (95%) vs 28 (88%); SAEs 7 (18%) vs 7 (21%); independent DSMC: none attributable to intervention; primary outcome NS (56% vs 39%); 90-day survival 85% vs 61%; funded by Taiyo Nippon Sanso (gas supplier), funder had no role",What side effects have hydrogen inhalation studies reported?; Is hydrogen inhalation safe?; What the evidence doesn't show,/study/efficacy-of-inhaled-hydrogen-on-neurological-outcome-following-brain-ischaemia-during-post-cardiac-arrest-care-hybrid-ii-a-multi-centre-randomised-double-blind-placebo-controlled-trial-1775650467169,PubMed + PMC full text (PMC10030910)
5,28321000,10.1253/circj.CJ-17-0105,,Katsumata Y,2017,"Prospective open-label, rater-blinded pilot",20 with STEMI,1.3% H2 with 26% O2 vs 26% O2 during PCI; no hydrogen-related severe adverse events; primary endpoint NS,What side effects have hydrogen inhalation studies reported?,/study/the-effects-of-hydrogen-gas-inhalation-on-adverse-left-ventricular-remodeling-after-percutaneous-coronary-intervention-for-st-elevated-myocardial-infarction-first-pilot-study-in-humans-1775650467144,PubMed get_article_metadata (abstract)
6,28669654,10.1016/j.jstrokecerebrovasdis.2017.06.012,,Ono H,2017,"Randomized controlled study (control = conventional IV medication, not placebo)",50 (25/25),"3% H2, 1 h twice daily for the first 7 days; no significant adverse effects, improved oxygen saturation",What side effects have hydrogen inhalation studies reported?; Can hydrogen inhalation lower blood oxygen?,/study/hydrogen-gas-inhalation-treatment-in-acute-cerebral-infarction-a-randomized-controlled-clinical-study-on-safety-and-neuroprotection-1775650467145,PubMed get_article_metadata (abstract)
7,34319514,10.1007/s10072-021-05489-4,,Yoritaka A,2021,"Pilot RCT, double-blind, placebo air","20 enrolled, 15 analyzed","6.5 (0.1) vol% H2 in 2 L/min mixed air, 1 h twice daily x 16 weeks; no adverse events; no benefit on MDS-UPDRS; compliance fell in older participants",What side effects have hydrogen inhalation studies reported?; Is hydrogen inhalation safe?; What the evidence doesn't show,/study/randomized-double-blind-placebo-controlled-trial-of-hydrogen-inhalation-for-parkinsons-disease-a-pilot-study-1775650467163,PubMed get_article_metadata (abstract) + wave2 PMC check (PMC8519836)
8,32642277,10.21037/jtd-2020-057,,Guan WJ,2020,"Open-label, non-randomized (clinician-assigned) multicenter trial",90 (44 H2-O2 / 46 control),"66% H2/33% O2 at 6 L/min via nasal cannula (AMS-H-03), median 7.7 h/day until discharge; control standard care with oxygen; AEs: worsening cough 6.8% vs 8.7%, chest distress 2.3% vs 21.7%, abnormal labs 2.3% vs 13.0%; no serious AEs",What side effects have hydrogen inhalation studies reported?; Can hydrogen inhalation lower blood oxygen?,/study/hydrogenoxygen-mixed-gas-inhalation-improves-disease-severity-and-dyspnea-in-patients-with-coronavirus-disease-2019-in-a-recent-multicenter-open-label-clinical-trial-1775650467135,PubMed + PMC full text (PMC7330772)
9,33985501,10.1186/s12931-021-01740-w,,Zheng ZG,2021,"RCT, double-blind, 10 centres; control = oxygen concentrator",108 randomized (54/54),"H2/O2 generator AMS-H-01 at 3.0 L/min (H2 2.0 L/min, O2 1.0 L/min), nasal mask, 6-8 h/day x 7 days; control molecular-sieve O2 concentrator 3.0 L/min (air 2 + O2 1); AEs 34 (63.0%) vs 42 (77.8%), severe 3.7% vs 13.0%; device-related AEs in 2 H2 patients (dizziness, nasal mucosa injury, aggravated wheezing) vs 3 O2 patients; 2 withdrawals per group for AEs; confined-space test: max room H2 0.8% after 2 h; BCSS improved more",What side effects have hydrogen inhalation studies reported?; What the evidence doesn't show,/study/hydrogenoxygen-therapy-for-the-treatment-of-an-acute-exacerbation-of-chronic-obstructive-pulmonary-disease-results-of-a-multicenter-randomized-double-blind-parallel-group-controlled-trial-1775650467134,PubMed + PMC full text (PMC8120708)
10,35206179,10.3390/ijerph19041992,,Botek M,2022,"RCT, single-blind, placebo (air) controlled","50 (26 men, 24 women)","300 mL/min H2 from a PEM/membrane-electrode electrolysis generator rated 99.99% purity, nasal cannula, home use, 2 x 60 min/day for 14 days; placebo = modified generator giving air; no side effects reported in the study; 6MWT +64 m vs +9 m",What side effects have hydrogen inhalation studies reported?; What the evidence doesn't show,/study/molecular-hydrogen-positively-affects-physical-and-respiratory-function-in-acute-post-covid-19-patients-a-new-perspective-in-rehabilitation-1775650467166,PubMed + PMC full text (PMC8872486)
11,36675728,10.3390/jpm13010067,,Lin H,2022,"RCT, double-blind, sham oxygen control","170 randomized, 153 analyzed (83 H2 / 70 control)","Adults >=65; 66.7% H2/33.3% O2 by nasal cannula from a hydrogen inhalation device for 1 h after surgery (control 33.3% O2 at 3 L/min); hypoxemia (SpO2 <90%) during inhalation in PACU 6 (7%) vs 2 (3%), especially thoracic surgery; day-1 pain slightly higher (4.08 vs 3.54); other AEs similar; delirium 12% vs 24%",What side effects have hydrogen inhalation studies reported?; Can hydrogen inhalation lower blood oxygen?; Who should be cautious with hydrogen inhalation?,/study/hydrogen-gas-treatment-improves-postoperative-delirium-and-cognitive-dysfunction-in-elderly-noncardiac-patients-1775650467169,PubMed + PMC full text (PMC9867387)
12,42436242,10.1038/s41598-026-61287-y,,Ji S,2026,"RCT, double-blind; control = nitrogen-oxygen mixture",150 (76 / 74),Hydrogen-oxygen mixture (66.7% H2) via nasal cannula before and after laparoscopic cholecystectomy or thyroidectomy; adverse events 14.47% vs 24.32% (p=0.127); better QoR-15,What side effects have hydrogen inhalation studies reported?,/study/the-impact-of-perioperative-hydrogen-gas-inhalation-on-postoperative-recovery-in-day-surgery-patients-a-research-study-1785513615619,PubMed get_article_metadata (abstract)
13,36278221,10.3389/fphar.2022.1025487,,Liu B,2022,"RCT, single-blind, air placebo","60 randomized, 56 completed","66% H2/33% O2 at ~30-60 mL/min (Jinkai D-HO-001), authors estimate inhaled H2 ~0.2-0.4%; 4 h/day x 2 weeks; 'No side effects were reported in either group'; intro cites 6 or 3 L/min 'high dose' H2-O2 trials",What side effects have hydrogen inhalation studies reported?; What the evidence doesn't show,/study/the-effect-of-a-low-dose-hydrogen-oxygen-mixture-inhalation-in-midlifeolder-adults-with-hypertension-a-randomized-placebo-controlled-trial-1775650467167,PubMed + PMC full text (PMC9585236)
14,40826930,10.4103/mgr.MEDGASRES-D-25-00020,,Gao YH,2025,"RCT, single-blind, air control",66 (41 H2-O2 / 25 air); 60 with complete actigraphy,"66.7% H2/33.3% O2 (Jinkai Small H D-HO-001), 60 mL/min via nasal tube, 1 h twice daily x 7 days; no adverse-event section; 2 of 4 authors employed by the device maker (Jinkai Instrument); longer total sleep, lower PSQI/SDS vs air",What side effects have hydrogen inhalation studies reported?; What the evidence doesn't show,/study/effect-of-hydrogen-oxygen-inhalation-on-sleep-disorders-and-abnormal-mood-a-single-blind-randomized-controlled-trial-1775650467179,PubMed + PMC full text (PMC12413883)
15,41908285,10.3389/fneur.2026.1781738,,Chen C,2026,"RCT, double-blind, add-on to standard treatment, control = medical air nebulization","60 enrolled, 53 analyzed (27 / 26)","66.6% H2/33.3% O2 via AMS-H-03 nebulizer, face mask, 3 L/min, 1 h four times daily x 14 days; overall AEs 25 vs 21 children (NS); elevated cardiac enzymes 13 vs 5, GI dysfunction 20 vs 11, abnormal liver function 4 vs 0 (all p<0.05; paper's percentage denominators unclear so counts used); liver tests normalized by end of trial (2) or within 1 week (2); no severe AEs; no efficacy difference",What side effects have hydrogen inhalation studies reported?; Who should be cautious with hydrogen inhalation?,/study/a-randomized-controlled-double-blind-study-on-the-brain-protection-of-infantile-patients-with-epileptic-spasm-syndrome-through-atomized-inhalation-of-hydrogen-oxygen-gas-1775650467184,PubMed + PMC full text (PMC13017233)
16,,,https://www.energy.gov/documents/fcm01r0pdf,US DOE,2001,Government training manual,n/a,"Flammable in air 4-75%; explosive (detonable) 15-59%; flammability limits widen with temperature; leaked H2 can concentrate in enclosed spaces; ignition energy 0.02 mJ, about an order of magnitude lower than methane/propane/gasoline; static discharge from a human body may ignite; autoignition 585 C; leak stream almost invisible in daylight; specific gravity 0.0696 (~7% of air); non-toxic but simple asphyxiant; large leaks in enclosed areas can be serious",Is hydrogen inhalation safe?; Can hydrogen inhalation machines explode?; Who should be cautious with hydrogen inhalation?,,"Downloaded PDF from energy.gov, text extracted"
17,,,https://cameochemicals.noaa.gov/chemical/8729,NOAA,n.d.,Government chemical datasheet,n/a,"LEL 4%, UEL 75% (USCG 1999); easily ignited; pale blue almost invisible flame; lighter than air; not toxic but simple asphyxiant by displacing oxygen; will form explosive mixtures with air",Is hydrogen inhalation safe?; Can hydrogen inhalation machines explode?,,"Fetched page (curl), text checked"
18,42050516,10.1186/s12931-026-03664-9,,LeBaron TW,2026,In silico respiratory-physiology modeling + targeted literature synthesis (no new patient data),n/a,"FiH2 (inspired fraction) is the meaningful dose; flow alone can't predict it; rule of thumb FiH2 ~ H2 flow / 30 L/min MIF; ~200-300 mL/min ~1% FiH2; 600-1200 mL/min for 2-4%; 400 mL/min could give <1% to >10%; 1-4% FiH2 practical window; LFL ~4%, UFL 75%, detonation >~18%, MIE ~0.017 mJ; pure-H2 cannula creates transient flammable pockets; 300-600 mL/min not exceeding 1200 'defensible but not risk-free'; oxyhydrogen flammable and detonatable at any flow, no evidence of superiority, avoid without engineering controls; oxyhydrogen 1 L/min raises FiO2 to ~21.36%, 6 L/min to ~23%; FiH2 ~30% would cut FiO2 to ~14.7%; extended pure H2 fatal by O2 deprivation; documented explosion injuries incl. facial fractures, bronchial laceration, internal bleeding; device output claims should be verified; Japan MHLW Advanced Medical Care for post-cardiac arrest; China Class III device approval; US investigational (IND); face mask with <4% premix preferred",Can hydrogen inhalation lower blood oxygen?; Can hydrogen inhalation machines explode?; Who should be cautious with hydrogen inhalation?,/study/respiratory-physiology-modeling-of-therapeutic-hydrogen-inhalation-defining-the-fraction-of-inspired-hydrogen-fih2-and-flow-rate-requirements-1777577956394,"PubMed get_article_metadata + PMC full text (PMC13312717), read in full"
19,36204781,10.4103/2045-9912.344972,,Ichikawa Y,2023,Accident-report review + ignition experiments,n/a,"Authors employed by MiZ Company (sells low-concentration inhalers); Japan Consumer Affairs Agency accidents: H2-O2 inhaler lid flew off with explosive sound causing ear ringing (2016); leaking home hydrogen bubble generator exploded damaging bathroom door and injuring resident (2017); hydrogen server burst and cut a child (2015); ignition tests: 66% H2-O2 electrolysis inhaler detonated, lid and wiring scattered; 100% H2 inhalers exploded when ignited after running minutes; central cause = hydrogen leaking inside inhaler; flame arresters don't prevent explosions from internal leaks; 2:1 H2:O2 = oxyhydrogen detonating gas",Can hydrogen inhalation machines explode?; What the evidence doesn't show,/study/guidelines-for-the-selection-of-hydrogen-gas-inhalers-based-on-hydrogen-explosion-accidents-1777577956391,"PubMed + PMC full text (PMC9555030), read in full"
20,41489350,10.1177/09246479251414573,,Ichikawa Y,2026,Review of accident reports + one published case,n/a,Same company-affiliated group (MiZ); high-concentration inhalers (67-99.99% H2) linked to multiple device explosions logged by Japan's Consumer Affairs Agency and a 2024 reported case of an explosion inside a patient's airway; recommends <=10% inhalers,Can hydrogen inhalation machines explode?; What the evidence doesn't show,/study/preventable-in-body-hydrogen-explosions-from-high-concentration-h2-inhalers-in-japan-switch-to-safe-low-concentration-hydrogen-therapy-1777577956394,PubMed get_article_metadata (abstract)
