n,pmid,doi,first_author,year,design,n_participants,outcome_as_verified,where_cited,our_study_url,verified_via
1,36498838,10.3390/ijms232314508,LeBaron TW,2022,Narrative review,n/a,"ERW made at cathode (2H2O + 2e- -> H2 + 2OH-); anode water acidic with chlorine species if chloride present, used for sanitizing; most new ionizers 0.2-1.2 mg/L H2 at pH 8.5-10.5 (range <0.01 to ~2 mg/L); needs >=~50 mg/L source-water minerals; scale cut ~1 mg/L to <0.01 mg/L within 2 weeks, citric acid cleaning restored; pH buttons set voltage not measured pH; ~0.7 mg/L before pH >10 on some ionizers; ORP: pH 9 + 0.1 mg/L = -497 mV, 1 mg/L = -527 mV, +0.5 pH same change; pH 10.5 ORP -580 to -730 mV with H2 <0.1 mg/L; ORP and ORP-based H2 meters discouraged; Japan/Korea regulations pH <= 9.8; hyperkalemia in some people with poor kidney function drinking ERW > pH 10; impaired kidney function: avoid without medical supervision; 1990s rat cardiac necrosis/fibrosis + hyperkalemia; rats pH 11.2-12 for 1 yr impaired growth; Pt-coated Ti electrodes may leach Pt/other metals at high settings; other concerns: nutrient absorption, bacterial overgrowth, mucosal damage; perhaps >50% of ERW studies don't address H2; alternatives (tablets, PEM bottles, RTD beverages) circumvent ERW requirements","Short answer; How do hydrogen water and alkaline water compare?; What is ionized hydrogen water?; Do ORP readings or ""microclusters"" show which water is better?; What does the research show for alkaline water?; Is alkaline water or hydrogen water safe?; Which is easier to use day to day?; What the evidence doesn't show",/study/electrolyzed-reduced-water-review-ii-safety-concerns-and-effectiveness-as-a-source-of-hydrogen-water-1777577956390,PubMed get_article_metadata + PMC full text (PMC9736533)
2,36499079,10.3390/ijms232314750,LeBaron TW,2022,Narrative review,n/a,"ERW = alkaline ionized water; 'ionized' a misnomer (no net extra ions); Japan approved ionizers 1965 (GI conditions), Korea 1978; H2 does not dissociate regardless of pH; saturation 0.8 mM (1.6 mg/L); rat aspirin model: ERW pH 10.5 protective, NaOH water same pH not; rat study 0.07 mg/L ineffective, 0.22 and 0.84 mg/L effective, pH 8.5 = pH 9.5 at same H2; degassed ERW lost effects; ERW has very little buffering: 1 tsp baking soda (4.8 g) = ~1,800 L of pH 9.5 water; ERW won't shift body pH more than source water; naturally alkaline water benefits (if any) from minerals; microclusters: NMR linewidth shift is a function of pH; tea demo = pH indicator","Short answer; How do hydrogen water and alkaline water compare?; Is hydrogen water the same as alkaline water?; What is ionized hydrogen water?; Do ORP readings or ""microclusters"" show which water is better?; Does alkaline water change your body's pH?; What the evidence doesn't show",/study/electrolyzed-reduced-water-review-i-molecular-hydrogen-is-the-exclusive-agent-responsible-for-the-therapeutic-effects-1777577956390,PubMed get_article_metadata + PMC full text (PMC9738607)
3,27297008,10.1136/bmjopen-2015-010438,Fenton TR,2016,Systematic review,"1 included study (8,278 citations screened)",No randomized trials; no studies of alkaline water/diet for cancer treatment; promotion of alkaline water for cancer not justified,Short answer; What does the research show for alkaline water?,,PubMed get_article_metadata (abstract)
4,38903627,10.3389/fnut.2024.1387657,Zhou K,2024,Systematic review + meta-analysis,"27 publications, 597 healthy adults","RPE SMD -0.37 and lactate SMD -0.37 (small, significant); VO2max, aerobic/anaerobic endurance, strength NS; explosive power SMD 0.30",Short answer; What does the research show for hydrogen water?; What the evidence doesn't show,/study/can-molecular-hydrogen-supplementation-enhance-physical-performance-in-healthy-adults-a-systematic-review-and-meta-analysis-1777577956391,PubMed get_article_metadata (abstract); full text checked in wave 2
5,41888952,10.1186/s13098-026-02124-0,Ye H,2026,Systematic review + meta-analysis of RCTs,"13 RCTs, 757 adults","TC -6.71 mg/dL, LDL -3.21 mg/dL, HDL -1.16, TG NS; below clinically meaningful thresholds",Short answer; What does the research show for hydrogen water?; What the evidence doesn't show,/study/the-effect-of-hydrogen-rich-water-interventions-on-lipid-profiles-in-adults-with-overweight-or-obesity-and-associated-metabolic-disorders-a-systematic-review-and-meta-analysis-of-randomized-controlled-trials-1775826876384,PubMed get_article_metadata (abstract); full text checked in wave 2
6,22844861,10.1177/000348941212100702,Koufman JA,2012,In vitro lab study,n/a (no human subjects),pH 8.8 artesian well water with natural bicarbonate irreversibly inactivated human pepsin in vitro; HCl-buffering capacity exceeded two popular bottled waters,How do hydrogen water and alkaline water compare?; What does the research show for alkaline water?,,PubMed get_article_metadata (abstract; no PMC full text)
7,30452459,10.1371/journal.pone.0205708,Chycki J,2018,"Randomized, double-blind, placebo-controlled",16 male combat-sport athletes (8 per group),"3 weeks; test water pH 9.13, HCO3- 357.8 mg/L, CO3 2- 163.5 mg/L, Na 254.55 mg/L; control table water pH 5.0; EG resting blood pH 7.36->7.44, urine pH 5.75->6.62, Wingate power/work up vs baseline; CG no significant change; discussion: acid-base maintained by blood buffers, respiration, kidneys. Our calc: 5.86 + 2x2.72 = ~11.3 mmol/L buffering",How do hydrogen water and alkaline water compare?; Does alkaline water change your body's pH?; What does the research show for alkaline water?; Is alkaline water or hydrogen water safe?; What the evidence doesn't show,/study/alkaline-water-improves-exercise-induced-metabolic-acidosis-and-enhances-anaerobic-exercise-performance-in-combat-sport-athletes-1775650467141,PubMed get_article_metadata + PMC full text (PMC6242303)
8,18926940,10.1016/j.bone.2008.09.007,Wynn E,2009,"Randomized trial, 2 parallel groups",30 young women (dieticians),"1.5 L/day for 4 weeks; bicarbonate-rich water B (2,172 mg/L HCO3-, PRAL -11.2) lowered PTH and S-CTX and raised urine pH; calcium-rich acid water A (291 mg/L HCO3-) did not. Our calc: 2,172/61.02 = 35.6 mmol/L buffering",How do hydrogen water and alkaline water compare?; Does alkaline water change your body's pH?; What does the research show for alkaline water?; What the evidence doesn't show,,PubMed get_article_metadata (abstract)
9,27932937,10.1186/s12970-016-0153-8,Weidman J,2016,"Randomized, double-blind, parallel-arm",100 healthy adults,"After exercise-induced 2% dehydration, commercial electrolyzed high-pH bottled water cut high-shear blood viscosity 6.30% vs 3.36% with standard bottled water (p=0.03); plasma osmolality, bioimpedance, body mass no difference; single session",What does the research show for alkaline water?; What the evidence doesn't show,/study/effect-of-electrolyzed-high-ph-alkaline-water-on-blood-viscosity-in-healthy-adults-1775650467148,PubMed get_article_metadata + PMC full text (PMC5126823)
10,29849734,10.1155/2018/9147914,Shin DW,2018,"Randomized, double-blind, placebo-controlled pilot",27 adults with IBS-D,">=2 L/day for 8 weeks of ionizer water pH 8.5-10.0 vs sham-device water; primary outcome (improved >4 of 8 weeks) 61.5% vs 42.9%, p=0.449 (NS); IBS-QoL improved more (p=0.029); abdominal pain NS; hydrogen content not reported in full text",What does the research show for alkaline water?; What the evidence doesn't show,/study/effects-of-alkaline-reduced-drinking-water-on-irritable-bowel-syndrome-with-diarrhea-a-randomized-double-blind-placebo-controlled-pilot-study-1775650467142,PubMed get_article_metadata + PMC full text (PMC5925025)
11,35059257,10.1007/s13340-021-00524-3,Ogawa S,2021,Multicenter double-blind RCT,50 adults with type 2 diabetes,No significant difference in HOMA-IR change (primary) vs filtered water; lactate fell; no treatment-related adverse effects; two authors affiliated with Nihon Trim Co.,What does the research show for alkaline water?; What the evidence doesn't show,/study/electrolyzed-hydrogen-rich-water-for-oxidative-stress-suppression-and-improvement-of-insulin-resistance-a-multicenter-prospective-double-blind-randomized-control-trial-1775650467165,PubMed get_article_metadata (abstract + affiliations)
