url,backlinks
https://hydrogenstudies.com,1150
https://hydrogenstudies.com/search,105
https://hydrogenstudies.com/start,25
https://hydrogenstudies.com/topics,12
https://hydrogenstudies.com/study/hydrogen-vs-caffeine-for-improved-alertness-in-sleep-deprived-humans,7
https://hydrogenstudies.com/study/hydrogen-from-intestinal-bacteria-is-protective-for-concanavalin-a-induced-hepatitis,7
https://hydrogenstudies.com/secondary-topic/chronic-kidney-disease,6
https://hydrogenstudies.com/study/different-effects-of-hydrogen-rich-water-intake-and-hydrogen-gas-inhalation-on-gut-microbiome-and-plasma-metabolites-of-rats-in-health-status,6
https://hydrogenstudies.com/tertiary-topic/alcohol-toxicity,6
https://hydrogenstudies.com/study/can-hydrogen-water-enhance-oxygen-saturation-in-patients-with-chronic-lung-disease-a-non-randomized-observational-pilot-study,5
https://hydrogenstudies.com/study/electrolyzed-hydrogen-water-protects-against-ethanol-induced-cytotoxicity-by-regulating-aldehyde-metabolism-associated-enzymes-in-the-hepatic-cell-line-hepg2,5
https://hydrogenstudies.com/home19127410,4
https://hydrogenstudies.com/study/alleviation-of-the-chronic-stress-response-attributed-to-the-antioxidant-and-anti-inflammatory-effects-of-electrolyzed-hydrogen-water,3
https://hydrogenstudies.com/study/antioxidant-effects-of-continuous-intake-of-electrolyzed-hydrogen-water-in-healthy-adults,3
https://hydrogenstudies.com/study/assessment-of-antibacterial-effect-of-hydrogen-water-on-plaque-from-patients-with-chronic-periodontitis,3
https://hydrogenstudies.com/study/drinking-molecular-hydrogen-water-is-beneficial-to-cardiovascular-function-in-diet-induced-obesity-mice,3
https://hydrogenstudies.com/study/effects-of-alkaline-reduced-water-on-exercise-induced-oxidative-stress-and-fatigue-in-young-male-healthy-adults,3
https://hydrogenstudies.com/study/effects-of-hydrogen-gas-inhalation-on-endometriosis-in-rats,3
https://hydrogenstudies.com/study/effects-of-hydrogen-rich-water-on-attenuating-fatigue-induced-by-daily-activities-or-mental-tasks,3
https://hydrogenstudies.com/study/effects-of-molecular-hydrogen-intervention-on-the-gut-microbiome-in-methamphetamine-abusers-with-mental-disorder,3
https://hydrogenstudies.com/study/hydrogen-gas-treatment-improves-postoperative-delirium-and-cognitive-dysfunction-in-elderly-noncardiac-patients,3
https://hydrogenstudies.com/study/hydrogen-improves-neurological-function-through-attenuation-of-blood-brain-barrier-disruption-in-spontaneously-hypertensive-stroke-prone-rats,3
https://hydrogenstudies.com/study/hydrogen-inhalation-ameliorates-hepatic-inflammation-and-modulates-gut-microbiota-in-rats-with-high-fat-diet-induced-non-alcoholic-fatty-liver-disease,3
https://hydrogenstudies.com/study/hydrogen-rich-water-alleviates-inflammation-and-fatigue-in-covid-19-a-pilot-study,3
https://hydrogenstudies.com/study/magnesium-based-micromotors-for-enhanced-active-and-synergistic-hydrogen-chemotherapy,3
https://hydrogenstudies.com/study/molecular-hydrogen-improves-obesity-and-diabetes-by-inducing-hepatic-fgf21-and-stimulating-energy-metabolism-in-db-db-mice,3
https://hydrogenstudies.com/study/molecular-hydrogen-mitigates-performance-decrement-during-repeated-sprints-in-professional-soccer-players,3
https://hydrogenstudies.com/study/molecular-hydrogen-reduces-electromagnetic-pulse-induced-male-rat-reproductive-system-damage-in-a-rodent-model,3
https://hydrogenstudies.com/study/protective-effects-of-hydrogen-rich-saline-against-erectile-dysfunction-in-a-streptozotocin-induced-diabetic-rat-model,3
https://hydrogenstudies.com/study/revealing-the-antibacterial-power-of-hydrogen-releasing-pdh-nanohydride-against-drug-resistant-staphylococcus-aureus-an-in-depth-mechanism-study,3
https://hydrogenstudies.com/study/short-term-h2-inhalation-improves-running-performance-and-torso-strength-in-healthy-adults,3
https://hydrogenstudies.com/study/the-therapeutic-effects-of-oral-intake-of-hydrogen-rich-water-on-cutaneous-wound-healing-in-dogs,3
https://hydrogenstudies.com/study/two-weeks-of-hydrogen-inhalation-can-significantly-reverse-adaptive-and-innate-immune-system-senescence-patients-with-advanced-non-small-cell-lung-cancer-a-self-controlled-study,3
https://hydrogenstudies.com/study/daily-ingestion-of-alkaline-electrolyzed-water-containing-hydrogen-influences-human-health-including-gastrointestinal-symptoms,3
https://hydrogenstudies.com/study/effect-of-hydrogen-water-drinking-on-dementia-patient-through-mechanism-of-oxidative-stress-and-immune-redox-balance,3
https://hydrogenstudies.com/study/hydrogen-h-2-alleviates-osteoarthritis-by-inhibiting-apoptosis-and-inflammation-via-the-jnk-signaling-pathway,3
https://hydrogenstudies.com/study/hydrogen-rich-water-consumption-positively-affects-muscle-performance-lactate-response-and-alleviates-delayed-onset-of-muscle-soreness-after-resistance-training,3
https://hydrogenstudies.com/study/hydrogen-treatment-protects-against-cell-death-and-senescence-induced-by-oxidative-damage,3
https://hydrogenstudies.com/study/immunological-effect-of-hydrogen-gas-hydrogen-gas-improves-clinical-outcomes-of-cancer-patients,3
https://hydrogenstudies.com/study/molecular-hydrogen-improves-type-2-diabetes-through-inhibiting-oxidative-stress,3
https://hydrogenstudies.com/study/peripheral-endothelial-function-can-be-improved-by-daily-consumption-of-water-containing-over-7-ppm-of-dissolved-hydrogen-a-randomized-controlled-trial,3
https://hydrogenstudies.com/study/positive-effects-of-hydrogen-water-bathing-in-patients-of-psoriasis-and-parapsoriasis-en-plaques,3
https://hydrogenstudies.com/study/quantification-of-hydrogen-production-by-intestinal-bacteria-that-are-specifically-dysregulated-in-parkinsons-disease,3
https://hydrogenstudies.com/study/the-effects-of-24-week-high-concentration-hydrogen-rich-water-on-body-composition-blood-lipid-profiles-and-inflammation-biomarkers-in-men-and-women-with-metabolic-syndrome-a-randomized-controlled-t,3
https://hydrogenstudies.com/study,2
https://hydrogenstudies.com/study/drinking-hydrogen-water-enhances-endurance-and-relieves-psychometric-fatigue-a-randomized-double-blind-placebo-controlled-study,2
https://hydrogenstudies.com/study/effects-of-hydrogen-rich-water-and-ascorbic-acid-treatment-on-spontaneously-hypertensive-rats,2
https://hydrogenstudies.com/study/hydrogen-rich-water-ameliorates-metabolic-disorder-via-modifying-gut-microbiota-in-impaired-fasting-glucose-patients-a-randomized-controlled-study,2
https://hydrogenstudies.com/study/hydrogen-rich-water-for-improvements-of-mood-anxiety-and-autonomic-nerve-function-in-daily-life,2
https://hydrogenstudies.com/study/hydrogen-rich-water-upregulates-fecal-propionic-acid-levels-in-overweight-adults,2
https://hydrogenstudies.com/study/pilot-study-effects-of-drinking-hydrogen-rich-water-on-muscle-fatigue-caused-by-acute-exercise-in-elite-athletes,2
https://hydrogenstudies.com/study/supersaturated-hydrogen-rich-water-hydrotherapy-for-recovery-of-acute-injury-to-the-proximal-phalanges-on-the-5th-toe-a-case-report,2
https://hydrogenstudies.com/study/the-clinical-research-on-the-effect-of-hydrogen-rich-water-on-primary-retinitis-pigmentosa,2
https://hydrogenstudies.com/blog/hydrogen-water-health-benefits-for-athletes-what-2024-research-shows-565894,1
https://hydrogenstudies.com/blog/hydrogen-water-ppm-levels,1
https://hydrogenstudies.com/blog/hydrogen-water-real-or-fake,1
https://hydrogenstudies.com/hydrogen-water,1
https://hydrogenstudies.com/study/a-randomized-double-blind-multi-center-trial-of-hydrogen-water-for-parkinsons-disease-protocol-and-baseline-characteristics,1
https://hydrogenstudies.com/study/hydrogen-attenuates-thyroid-hormone-induced-cardiac-hypertrophy-in-rats-by-regulating-angiotensin-ii-type-1-receptor-and-nadph-oxidase-2-mediated-oxidative-stress,1
https://hydrogenstudies.com/study/hydrogen-regulates-mitochondrial-quality-to-protect-glial-cells-and-alleviates-sepsis-associated-encephalopathy-by-nrf2-yy1-complex-promoting-ho-1-expression,1
https://hydrogenstudies.com/study/hydrogen-rich-saline-improves-non%E2%80%91alcoholic-fatty-liver-disease-by-alleviating-oxidative-stress-and-activating-hepatic-ppar%CE%B1-and-ppar%CE%B3,1
https://hydrogenstudies.com/study/hydrogen-rich-water-and-caffeine-for-alertness-and-brain-metabolism-in-sleep-deprived-habitual-coffee-drinkers,1
https://hydrogenstudies.com/study/hydrogen-rich-water-intake-accelerates-oral-palatal-wound-healing-via-activation-of-the-nrf2-antioxidant-defense-pathways-in-a-rat-model,1
https://hydrogenstudies.com/study/hydrogen-rich-water-reduces-inflammatory-responses-and-prevents-apoptosis-of-peripheral-blood-cells-in-healthy-adults-a-randomized-double-blind-controlled-trial,1
https://hydrogenstudies.com/study/molecular-hydrogen-suppresses-glioblastoma-growth-via-inducing-the-glioma-stem-like-cell-differentiation,1
https://hydrogenstudies.com/study/pilot-study-of-h-2-therapy-in-parkinsons-disease-a-randomized-double-blind-placebo-controlled-trial,1
https://hydrogenstudies.com/study/protective-effects-of-hydrogen-rich-water-against-cartilage-damage-in-a-rat-model-of-osteoarthritis-by-inhibiting-oxidative-stress-matrix-catabolism-and-apoptosis,1
https://hydrogenstudies.com/study/safety-of-prolonged-inhalation-of-hydrogen-gas-in-air-in-healthy-adults,1
https://hydrogenstudies.com/study/short-term-h2-inhalation-improves-cognitive-function-in-older-women-a-pilot-study,1
https://hydrogenstudies.com/study/the-acute-effects-of-a-single-dose-of-molecular-hydrogen-supplements-on-responses-to-ergogenic-adjustments-during-high-intensity-intermittent-exercise-in-humans,1
https://hydrogenstudies.com/study/the-antioxidative-effect-of-hydrogen-water-drinking-in-blood,1
https://dev.hydrogenstudies.com,1
